ID,LABEL en,SYNONYMS,MAIN LANG,CATEGORY,DEFINITION,BIBLIOGRAPHY,VISUAL ASSOCIATION,ICONCLASS CODE,Iconclass Automatic,Iconclass Automatic (label),SMELL MENTIONED IN ICONCLASS,RELATED SCENT,NOSE-FIRST PARENT,RELATED,PARENT,INTERLINKS,cvat label,WordNet ID,OpenImages ID
1,Amulet,,EN,artifact,jewelry with protective qualities,,"skull, flower, snail, sea shell",,,,,,,,"554 Artefact, 517 Amulet",,jewellery (amulet),,
2,Dairy,,,,,,,,,,,,,,405 Food,http://www.wikidata.org/entity/Q185217,,,
3,Bath,,,"carrier, artifact",,,,31A545,31A545,hip-bath,,,,,554 Artefact,http://www.wikidata.org/entity/Q327651,rather a space,,
4,Jewelry,,,"carrier, artifact",,,,,43A1231,jewelry in the shape of an Easter egg,,,,,554 Artefact,http://www.wikidata.org/entity/Q161439,jewellery,03602662-n,
5,Whale,,,smell-source,"in the 17th century, whales would wash up on the shores (of the Netherlands) and let of a stench from their decaying bodies. ",https://publicdomainreview.org/essay/picturing-scent,,47K11,25H13,beach,,"ambergris, sulphur","animalistic, sulphurous/ rotten/ fecal",,"555 Being, 13 Animal",,whale,,
6,<Boldootwagen>,,NL,"carrier, artifact","A cart that was used in the Netherlands until the 1950s to collect excrements going from neighbourhood to neighbourhood, and ironically referred to as 'Boldootwagen' (boldootcart) because 'Boldoot' was a very fresh smelling perfume/ scented water.",,,,,,,"Eau de cologne, sulphur","perfume, sulphurous/ rotten/ fecal",,554 Artefact,,too specific for now,,
7,Betrothal Ring,,,"carrier, artifact",(Jewish) ring with roof shape on top,,(Jewish) ring with roof shape on top,X,42D171,wedding ring,X,frankincense,resinous,,"554 Artefact, 473 Ring",,jewellery (ring),,
8,Bonfire,,,"smell-source, artifact",,,,41B161,41B16,bonfire,,smoke,Empyreumatic/ smoke,,554 Artefact,http://www.wikidata.org/entity/Q9505308,fire,,
9,Burnt offering,,,smell-source,,,"animals, smoke",12A312,12A3412,sacrificing a burnt offering ~ Jewish religion,,,"Empyreumatic/ smoke, resinous",264 Golden altar of incense,557 Practice,http://www.wikidata.org/entity/Q1148722,too specific for now,,
10,Alchemy Equipment,,,"carrier, artifact",tools used in the process of alchemy,https://www.britannica.com/topic/alchemy,,49E393,,,,,,,554 Artefact,,hard to detect visually. Can consist of many different items that look different,,
11,Apothecary Equipment,,,"carrier, artifact","equippment used in the process of apothecary, the form of making medicines during medieval times",,,49G82 ,49G,"physician, doctor",,,,,554 Artefact,,hard to detect visually. Can consist of many different items that look different,,
12,Anatomical Lessons,,,,a social event during the 17th century where a body was dissected in a large public setting,https://en.wikipedia.org/wiki/The_Anatomy_Lesson_of_Dr._Nicolaes_Tulp#cite_note-Rachlin-1,,,,,,,"Body odour, sulphurous/ rotten/ fecal",23 Cadaver,557 Practice,,hard to detect,,
13,Animal,,,,,,,25F,25,animals,,,Animalistic,,555 Being,http://www.wikidata.org/entity/Q729,mammal/bird/insect/seafood/fish/whale,,
14,Beaver,,,,,,,25F26,25F26(...),rodents: beaver,no,Castoreum,Animalistic,,"555 Being, 13 Animal, 480 Mammal",http://www.wikidata.org/entity/Q47542,too specific for now,,
15,Beer,,,,,,17th cen Flemish painting (taste),41C714,41C71,"beer, ale",,,Gourmand/ food,,"405 Food, 535 Alcoholic Drink",http://www.wikidata.org/entity/Q44,drink (beer),,
16,Besamim,,,,spice box for Jewish ritual,https://www.metmuseum.org/art/collection/search/239369,,12A61611,12A6161,"besamim' box, 'hadas', spice box, spice container ~ Sabbath",spice,,Spicy,,"405 Food, 535 Alcoholic Drink",http://www.wikidata.org/entity/Q829412,probably not enough samples in images,,
17,Blood,,,,,,,31A22611,31A2261,blood,,,Metallic,,565 Bodily fluids,http://www.wikidata.org/entity/Q7873,hard to detect visually,,
18,Bouquet,,,,,,,X,45C22,helmet,X,,Floral,,560 Flora,http://www.wikidata.org/entity/Q1187930,indirect via flowers,,
19,Bouquet Holder,,,"carrier, artifact","curved metal handle, 3 - 6 inches long, with opening for flower",,,,,,,,Floral,,554 Artefact,http://www.wikidata.org/entity/Q3398846,too specific for now,,
20,Bracelet vinaigrette,,,"carrier, artifact",Type of fragrant jewel; vinaigrette=has a miniature snuff box for perfumes,,,X,,,X,vinegar,Sour/ acidic,164 Vinaigrette,"554 Artefact, 472 Bracelet",,jewellery (bracelet),,
21,Bread,,,,,,,41C62,41C62,"bread, loaf",,bread,Gourmand/ food,,405 Food,http://www.wikidata.org/entity/Q7802,bread,,
22,Butter,,,,,,,41C6411,41C641,butter,,butter,Gourmand/ food,,405 Food,http://www.wikidata.org/entity/Q34172,too specific for now,,
23,Cadaver,"Dead Body, Dead Bodies, Dead",,,,,,,11G19,angel(s) represented as child(ren),,cadaver,sulphurous/ rotten/ fecal,533 Body,555 Being,,dead checkbox in animal categories,,
24,Camphor (tree),,,,,,,X,,,X,camphor,fresh/ green,,"560 Flora, 200 Tree",,tree (camphor),,
25,Candle,,,artifact,,,,41B31,41B3,candle,,,empyreumatic/ smoke,,554 Artefact,,candle,,
26,,,,,,,,,,,,,,,,,,,
27,Carnation,Clove pink,,,,,,25G41(...),25G41(...),flowers: carnation,,carnation,floral,,"560 Flora, 72 Flower",http://www.wikidata.org/entity/Q158984,flower (dianthus),,
28,Cassolette,,,"artifact, carrier",ivory box for ointments and perfumes,,,X,41B16,smoke,X,,,536 Ointment,554 Artefact,,too specific for now,,
29,Censer,,,"artifact, carrier",the container which holds incense for religious ceremonies,,,11Q71428,11Q7142,censer,X (smoke),frankincense,resinous,269 Incense,554 Artefact,http://www.wikidata.org/entity/Q1264081,probably not enough samples in images,,
30,Chatelaine (chain),,,"carrier, artifact",a piece of jewlery worn around the waist to hold household tools in the 19th century,https://en.wikipedia.org/wiki/Chatelaine_(chain),,X,,,X,,,,"554 Artefact, 4 Jewelry",,too specific for now,,
31,Chatelaine flask,,,"carrier, artifact",bottle with fragrant substance that hung from the Chatelaine (chain),,,,,,,,,,"554 Artefact, 4 Jewelry, 448 Vessel",,too specific for now,,
32,Cheese,,,,,,,41C6412,41C641,cheese,,cheese,gourmand/ food,,405 Food,http://www.wikidata.org/entity/Q10943,cheese,,
33,Chemical Substance,,,,,,,22A1,22A,chemical substances,,,chemical?,,562 Element,http://www.wikidata.org/entity/Q79529,hard to detect visually. Can consist of many different items that look different,,
34,Chimney,,,"carrier, artifact",,,,41B214,41B21,chimney,X,smoke,"Industrial, empyreumatic/ smoke",,554 Artefact,http://www.wikidata.org/entity/Q170477,too many samples without olfactory significance?,,
35,Chocolate (solid),,,,,,,41C6352,41C635,chocolate (solid),,cacao,Gourmand/ food,,405 Food,,not enough samples,,
36,Chocolate,Cacao,,,,,,41C723,41C635,chocolate (solid),,cacao,Gourmand/ food,,405 Food,http://www.wikidata.org/entity/Q195,not enough samples,,
37,Chypre,,,,A family of perfume made from materials found predominantly in the Mediterranean ,Chypre - Wikipedia,"Venus, Afrodite",X,11H(...),"the apostle and martyr Barnabas of Cyprus, first bishop of Milan; possible attributes: Matthew's gospel, stones",X,"chypre: citrus, labdanum",perfume,,"558 Fragrance, 65 Perfume",http://www.wikidata.org/entity/Q1090234,"hard to detect visually, maybe indirect via ""flacon""",,
38,Ciborium,,,"carrier, artifact",chalice-like holder for liquids and fragrances,,three wise men/ adoration of the magi,X,11Q7144,ciborium,X,,,,554 Artefact,http://www.wikidata.org/entity/Q198373,not enough samples?,,
39,Cigar,,,artifact,,,,41C742,41C74,cigar,tobacco,"tobacco, smoke",Empyreumatic/ smoke,227 Tobacco,"554 Artefact, 281 Smoking Equipment",http://www.wikidata.org/entity/Q1576,smoking equipment (cigar),,
40,Cigar-box,,,"carrier, artifact",,,,41C7421,41C742,cigar-box,tobacco,"cedar, smoke, tobacco","Empyreumatic/ smoke, woody","227 Tobacco, 39 Cigar","554 Artefact, 281 Smoking Equipment",http://www.wikidata.org/entity/Q199379,smoking equipment (cigar box),,
41,Cigar-case,,,"carrier, artifact",,,,41C7422,41C742,cigar-case,tobacco,"tobacco, smoke",,"227 Tobacco, 39 Cigar","554 Artefact, 281 Smoking Equipment",http://www.wikidata.org/entity/Q5119811,relatively similar to cigar-box,,
42,Cigar-holder,,,"carrier, artifact",,,,41C7423,41C742,cigar-holder,tobacco,"tobacco, smoke",Empyreumatic/ smoke,"227 Tobacco, 39 Cigar","554 Artefact, 281 Smoking Equipment",http://www.wikidata.org/entity/Q107197351,smoking equipment (cigar-holder),,
43,Cigarette,,,artifact,,,,41C743,41C74,cigarette,tobacco,"tobacco, smoke",Empyreumatic/ smoke,227 Tobacco,"554 Artefact, 281 Smoking Equipment",http://www.wikidata.org/entity/Q1578,smoking equipment (cigarette),,
44,Civet ,,,,the glandular scretion which comes from the civet used in perfumes ,,,X,,,X,civet,animalistic,,"558 Fragrance, 556 Animal product",http://www.wikidata.org/entity/Q198342,not enough samples,,
45,Civet (mammal) ,Viverra,,,A mammal with short legs and dark spots on fur,,,X,,,X,civet,animalistic,,"555 Being, 13 Animal, 480 Mammal",http://www.wikidata.org/entity/Q241256,not enough samples,,
46,Cloud,,,,,,,26A,26,clouds,,,,,559 Nature,http://www.wikidata.org/entity/Q8074,too many samples without olfactory significance?,,
47,Coal,,,smell-source,,,,25D451,25D451,gasworks,,coal,industrial,,562 Element,http://www.wikidata.org/entity/Q24489,not enough samples?,,
48,Geosmin,,,smell-source,,,,,,,,,,,558 Fragrance,http://www.wikidata.org/entity/Q420233,"too specific, hard to detect visually",,
49,Brooch,,,"carrier, artifact",type of fragrant jewel,,,41D2665,,,X,,,,"554 Artefact, 4 Jewelry",,too specific for now,,
50,Coffee,,,smell-source,,,,41C721,41C72,coffee,,coffee,"Gourmand/ food, empyreumatic/ smoke",,"405 Food, 534 Drink",http://www.wikidata.org/entity/Q8486,drink (coffee),,
51,Head cone,,,"smell-source, artifact","cones worn on the head in ancient Egypt made of a mixture of oils, resins and fat (myrrh). fragrance would release due to body heat.",,,,,,,"resinous, myrrh, lotus","floral, resinous",,554 Artefact,,not enough samples,,
52,Cuir de Russie,Russia Leather,FR,"smell-source, artifact",Fragrant type of leather,,piece of perfumed leather,X,31D1,adult man,X,"tar of birch tree, saunders-wood","empyreumatic/ smoke, woody",,"554 Artefact, 233 Leather",http://www.wikidata.org/entity/Q1247500,hard to detect visually,,
53,Diaper,Nappy,,"smell-source, artifact",allegory of smell,,,X,,,X,excrements,sulphurous/ rotten/ fecal,,554 Artefact,http://www.wikidata.org/entity/Q187359,indirect via 'cleaning a baby',,
54,Distillation equipment,,,"carrier, artifact",,,,49E3952(DISTILLATION)(+52,31D1,adult man,,,,,554 Artefact,,hard to detect visually. Can consist of many different items that look different,,
55,Dog,,,smell-source,16th century allegory of smell,,,34B11,34B1,dog,No: also not that it is an iconography of smell,,animalistic,,"555 Being, 13 Animal, 480 Mammal",http://www.wikidata.org/entity/Q144,mammal (dog),,
56,Dragon,,,smell-source,,,,25FF411,25FF41,dragon,,dragon's breath,sulphurous/ rotten/ fecal,,"555 Being, 13 Animal",http://www.wikidata.org/entity/Q7559,not enough samples?,,
57,Drainage pipe,,,"carrier, artifact",Pipe designed to fight bad smells,,,,,,,,,,554 Artefact,,hard to detect visually,,
58,Eau de cologne,,,smell-source,Cologne (Germany) water used as a perfume and medicine,,,X,31A5142,perfumes (with NAME),X,"lemon, bergamot, neroli, rosemary, thyme, petitgrain",,aqua mirabilis,"558 Fragrance, 65 Perfume",http://www.wikidata.org/entity/Q2863,indirect via 'flacon',,
59,Eau de Hungary,"Spirits of Rosemary, Queen of Hungary's Water, Hungarian water",FR,smell-source,"a perfume from approx. the 14th century made with rosemary, thyme, and brandy. ",Hungary water - Wikipedia,,X,,,X,Hungarian water,"fresh/ green, perfume","228 Aqua mirabilis, 58 eau de cologne","558 Fragrance, 65 Perfume",,indirect via 'flacon',,
60,Eau de Luce,,FR,smell-source,,,,,33C23,arm in arm (lovers),,amber,"perfume, 13 Animalistic",,"558 Fragrance, 65 Perfume",http://www.wikidata.org/entity/Q30748525,indirect via 'flacon',,
61,Elm tree,,,smell-source,,,,25G3(...),25G3(...),trees: elm,,elm,"woody, sweet",,"560 Flora, 200 Tree",http://www.wikidata.org/entity/Q59779164,tree (elm),,
62,Essential oil,,,smell-source,,,,,,,,,,,558 Fragrance,http://www.wikidata.org/entity/Q170885,hard to detect visually,,
63,Hand Fan,Fan,,"smell-source, artifact",,,,31A3191,31A319,blindfold,,,,,"554 Artefact, 4 Jewelry",http://www.wikidata.org/entity/Q193220,hand fan,,
64,Feather,,,"smell-source, artifact",,,,47H76,47H7,making of feather attire,,,,,554 Artefact,http://www.wikidata.org/entity/Q81025,too many samples without olfactory significance?,,
65,Perfume,,,,A toiletry that emits and diffuses a fragrant odor,WordNet,,31A5142,31A514,perfumes,X,,,,558 Fragrance,http://www.wikidata.org/entity/Q131746,indirect via 'flacon',03922150-n,
66,Fire,,,smell-source,,,,41B152,41B15,ash,,,empyreumatic/ smoke,,562 Element,http://www.wikidata.org/entity/Q3196,fire,,
67,Fireplace,,,"smell-source, artifact",,,,41B121,41B12,flame,,,empyreumatic/ smoke,,554 Artefact,http://www.wikidata.org/entity/Q188669,indirect via 'fire',,
68,Fish,,,smell-source,,,,25F6,25F,fishes,,fish,fishy,,"555 Being, 13 Animal, 459 Vertebrate",http://www.wikidata.org/entity/Q152,fish,,
69,Flacon,,,smell-source,,,,41A774,41A3,door,,,,,"554 Artefact, 412 Bottle",http://www.wikidata.org/entity/Q4821437,flacon,,
70,Flacon ring,,,"smell-source, artifact",,,,41A774,41A77,"container of glass: bottle, jar, vase",,,,,"554 Artefact, 473 Ring, 69 Flacon",,too specific for now,,
71,Floral water,"Herbal distillate, Hydrosols, Hydrolates, Herbal waters, Essential waters",,smell-source,remains after essential oil distillation,,,,,,,,"perfume, floral",,"558 Fragrance, 65 Perfume",,indirect via 'flacon',,
72,Flower,,,smell-source,symbol of spring and the sense of smell,,,25G41,,,,,floral,,"560 Flora, 78 Plant",http://www.wikidata.org/entity/Q506,flower,,
73,Flower in hair,,,smell-source,,,,,,,,,floral,,"560 Flora, 72 Flower",,indirect via 'flower',,
74,Oakmoss,,,,,,,,,,,,,,560 Flora,http://www.wikidata.org/entity/Q904074,not enough samples,,
75,Fruit,,,smell-source,,,,25G21,,,,,fruity,,405 Food,http://www.wikidata.org/entity/Q3314483,fruit,,
76,Fur,,,smell-source,,,,47B1711,47B171,furrier,,,"555 Being, 13 Animal",,"533 Body, 13 Animal",http://www.wikidata.org/entity/Q197204,,,
77,Waste,"Trash, Garbage, Rubbish",,"smell-source, artifact",,,"litter, rubbish, garbage ~ street sweeping",44E54,25H18,"waste land, no man's land",,sulphurous/ rotten/ fecal,,,554 Artefact,http://www.wikidata.org/entity/Q45701,too much visual variety,,
78,Plant,,,smell-source,,,,,,,,,,,560 Flora,http://www.wikidata.org/entity/Q756,,,
79,Garlic,,,smell-source,,,,25G4(...),25G4(...),plants and herbs: garlic,,garlic,"Sulphurous/ rotten/ fecal, gourmand/ food",,"560 Flora, 403 Vegetable",http://www.wikidata.org/entity/Q23400,vegetable (garlic),,
80,Glove,,,smell-source,leather gloves were often perfumed,,,41D225,31D1,adult woman,,,perfume,"52 Cuir de russie, 
113 Peau d'espagne","554 Artefact, 233 Leather, 85 Accessory",http://www.wikidata.org/entity/Q169031,too many samples without olfactory relevance,,
81,Grass,,,smell-source,,,,,41A63,lawn,,grass,fresh/ green,,560 Flora,http://www.wikidata.org/entity/Q643352,"too many samples without olfactory relevance, also hard to detect (as an instance)",,
82,Garland,,,smell-source,"decorative braid or knot made of flowers, leaves or other fragrant material. They can go around the head, neck or object for cultural or religious purpose",https://en.wikipedia.org/wiki/Garland,,25G4111,25G411,"garland, wreath",,,floral,,"560 Flora, 72 Flower",http://www.wikidata.org/entity/Q756600,indirect via 'flower',,
83,Gun,,,"artifact, smell-source",,,,,44B13,ruler saluted with gun-fire,,,"Sulphurous/ rotten/ fecal, empyreumatic, smoke",216 Gunpowder,"554 Artefact, 475 Warfare",http://www.wikidata.org/entity/Q12796,not seen too often yet. might be added later,,
84,Gyroscope pomander,,,"artifact, smell-source",,,,,,,,,,,"554 Artefact, 125 Pomander",,jewellery (pomander),,
85,Accessory,,,artifact,"Clothing that is worn or carried, but not part of your main clothing",,accessories (~ clothing),41D26,41D2,accessories (~ clothing),,,,,554 Artefact,http://www.wikidata.org/entity/Q1065579,,02674410-n,
86,Handkerchief,,,"carrier, artifact",a fragranced handkerchief carried around to put to the nose when a stench came,,,41D261,,,,,,,"85 Accessory, 554 Artefact",,"not enough samples, hard to detect",,
87,Hay,,,smell-source,,,,,47I143,hay-cock,,"hay, coumarine",,208 Coumarin,"560 Flora, 81 Grass",http://www.wikidata.org/entity/Q336989,hard to detect,,
88,Herb,,,smell-source,,,,25G4,25G4,flowers,,herb,Herbal,415 Lavender,"405 Food, 78 Plant",http://www.wikidata.org/entity/Q207123,hard to detect,,
89,Incense Burner,,,"artifact, smell-source",A holder for incense,,,41C762,41C76,"incense-burner ~ scents, perfumes",,"frankincense, myrrh",resinous,269 Incense,554 Artefact,http://www.wikidata.org/entity/Q111514811,"not seen yet, might be added later",,
90,Inro,,,artifact,"Fragrant pouch/perfume case, accessory worn with a kimono below the waist",,,,,,,,,,"554 Artefact, 4 Jewelry",http://www.wikidata.org/entity/Q557164,too specific for now,,
91,Columbine,"Granny's bonnet, Aquilegia",,smell-source,,,,,,,,,,,"560 Flora, 72 Flower",http://www.wikidata.org/entity/Q147641,,,
92,Lily,,,smell-source,,,,25G41(...),25G41(...),flowers: lily,,,"Floral/ sulphurous, rotten, fecal",,"560 Flora, 72 Flower",http://www.wikidata.org/entity/Q5194627,flower (lily),,
93,Laurel Wreath,Laurel Arch,,"artifact, smell-source","wreath worn around the head, symbol of victory",,,,48A4,honouring the artist with laurel wreath,,laurel,fresh/ green,,"560 Flora, 554 Artefact",http://www.wikidata.org/entity/Q734844,too specific for now,,
94,Leather Tapestry,,,"artifact, smell-source",,,,,,,,Perfume,perfume,,"554 Artefact, 233 Leather",,hard to detect,,
95,Linen,,,"carrier, artifact",,,,47H11,47H1,linen (material ~ textile industry),,"lavender, musk, rose, cedar","animalistic, floral",,"554 Artefact, 561 Cloth",http://www.wikidata.org/entity/Q1426327,hard to detect,,
96,Linen cabinet,,,"carrier, smell-source, artifact",,,,,,,,,"Woody, floral, 13 Animalistic",,554 Artefact,,too specific for now,,
97,<Lodereindoos>,,NL,"artifact, smell-source",Box to keep eau de cologne,,,,,,,"Perfume, Eau de cologne","Perfume, Eau de cologne",58 Eau de cologne,554 Artefact,,too specific for now,,
98,Manure,,,smell-source,,,,,47I121,manure,,manure,"Sulphurous/ rotten/ fecal, rural",,"533 Body, 145 Excrement, 13 Animal",http://www.wikidata.org/entity/Q185716,maybe indirect via 'faeces',,
99,Medicine Jar,,,"carrier, smell-source, artifact",,,,,41A3,door,,,,404 Medicine,554 Artefact,,hard to detect. what makes a jar a medicine jar?,,
100,Mouth wash,,,"smell-source, artifact",,,,,31A534,moustache,,,,,"554 Artefact, 558 Fragrance",http://www.wikidata.org/entity/Q518968,hard to detect,,
101,Musk Deer,,,smell-source,,,,25F24(...),25F24(...),hoofed animals: musk-deer,,musk,animalistic,270 Musk,"555 Being, 13 Animal, 480 Mammal",http://www.wikidata.org/entity/Q3866060,mammal (deer) as approximation,,
102,Musk Rat,Muskrat,,smell-source,,,,25F26(...),25F26(...),rodents: musk-rat,,musk,animalistic,270 Musk,"555 Being, 13 Animal, 480 Mammal",http://www.wikidata.org/entity/Q26283,"not seen yet, might be added later",,
103,Myrrh,,,smell-source,,,,25G3(...),25G3(...),trees: myrrh-tree,,myrrh,resinous,,"558 Fragrance, 259 Resin",http://www.wikidata.org/entity/Q203635,hard to detect,,
104,Anemone,Windflower,,smell-source,,,,,,,,,,,"560 Flora, 72 Flower",http://www.wikidata.org/entity/Q158286,,,
105,Heliotrope,,,smell-source,,,,,,,,,,,"560 Flora, 73 Flower",http://www.wikidata.org/entity/Q158082,,,
106,Nutmeg grater,,,artifact,"appeared in the 17th century, a portable silver object which held nutmeg which was supposed to protect against the pague",Nutmeg Grater | V&A Explore The Collections (vam.ac.uk),,,,,,nutmeg,spicy,406 Nutmeg,554 Artefact,http://www.wikidata.org/entity/Q7070464,too specific for now,,
107,<odor di femmina>,,IT,smell-source,,,"Female body, vulva, vagina, prostitute",,,,,"female sex organ, vaginal excretion",body odour,541 Woman,533 Body,,maybe indirect detection via constitutive elements (visual associations) if it is of interest,,
108,Odor of sanctity,sanctity,,smell-source,"Scent exuded by saints, highest sign of sanctity, usually acquired after death, sometimes during life; the scent is sid to come from the process of ketosis",,"Teresa d'Avila, Lydwina van Schiedam, Padre Pio",,,,,,"Floral, sweet",,"563 Abstract, 564 Religion",http://www.wikidata.org/entity/Q3349221,not visible,,
109,Oil,,,smell-source,,,,41B34,41B3,oil-lamp,,,,,"558 Fragrance, 405 Food",http://www.wikidata.org/entity/Q42962,"maybe indirect via container, but no container object categorie specified yet",,
110,Onion,,,smell-source,,,,25G22(...),25G22(...),(non-fruit) products of plants or trees: onion,,onion,"Sulphurous/ rotten/ fecal, gourmand/ food",,"405 Food, 403 Vegetable",http://www.wikidata.org/entity/Q3406628,vegetable (onion),,
111,Ointment jar,,,"artifact, smell-source",,,,31A51453,31A5145,ointment-jar,,,,536 Ointment,554 Artefact,http://www.wikidata.org/entity/Q111490260,"too specific for now, also hard to detect: what makes a jar an ointment jar",,
112,Pastry,,,,,,"cake, tart, pastry",41C622,47B181,pastry cook,,pastry,Gourmand/ food,,405 Food,http://www.wikidata.org/entity/Q477248,not seen too often yet. might be added later,,
113,Peau d'Espagne,Spanish skin,ES,"carrier, smell-source","Perfume often used to scent leather, Piece of perfumed leather","Septimus Piesse, The art of perfumery, 1857",,,,,,"neroli, rose, sandalwood, lavander, bergamot, verbena, cloves, cinnamon, benzoin, civet, musk, tragacanth",perfume/ woody/ animalistic/ spicy/ floral/ resinous,"52 Cuir de Russie,
233 Leather, 80 Gloves","558 Fragrance, 65 Perfume",http://www.wikidata.org/entity/Q7158479,hard to detect,,
114,Peltas,,,"artifact, smell-source",diagonally worn ambergris scented necklace with brownish beads,,diagonally worn ambergris scented necklace with brownish beads,,,,,ambergris,animalistic,,"554 Artefact, 492 Necklace",,necklace as approximation,,
115,Pendant flacon,,,artifact,,,,,41D266,jewel-box,,,perfume,,"554 Artefact, 4 Jewelry, 69 Flacon",,flacon,,
116,Perfume bottle,,,"artifact, smell-source",,,,31A51452,31A5145,perfume bottle,,,perfume,65 Perfume,"554 Artefact, 412 Bottle",http://www.wikidata.org/entity/Q29512262,indirect via flacon?,,
117,Perfume box,,,"artifact, smell-source",,,,,41C76,scent-box,,,perfume,65 Perfume,554 Artefact,,too specific for now,,
118,Perfume button,,,"artifact, smell-source",fragrant type of accessory,,,,,,,,perfume,65 Perfume,"554 Artefact, 4 Jewelry",,too specific for now,,
119,Perfume Equipment,,,,,,,,31A33,agreeable smell,,,perfume,65 Perfume,,,indirect via flacon?,,
120,Perfume flacon,,,"artifact, smell-source","a chain with a small, decorative perfume bottle.",,,,31A514,perfumes,,,perfume,65 Perfume,"554 Artefact, 4 Jewelry, 69 Flacon",,flacon,,
121,Perfume ring,,,"artifact, smell-source",ring containing perfume,,,,,,,,perfume,65 Perfume,"554 Artefact, 473 Ring",,jewellery (ring),,
122,Pipe,,,"artifact, smell-source",17th century Flemish allegory of smell,,pipe ~ tobacco,41C741,41A391,pump,,tobacco,empyreumatic/ smoke,227 Tobacco,"554 Artefact, 281 Smoking Equipment",http://www.wikidata.org/entity/Q104526,smoking equipment (pipe),,
123,Plague mask,,,artifact,mask filled with fragrant substances (sometimes fumigated) to protect oneself from sickening miasmas,,,,,,,"miasma, vinegar, myrrh, rose, cloves, rosemary etc","sulphurous/ rotten/ fecal, resinous, herbal, spicy, floral, sour/ acidic",,"554 Artefact, 404 Medicine",http://www.wikidata.org/entity/Q109568861,,,
124,Plumbing Trap,,,"carrier, artifact",,,(zwanenhals in dutch) that were also specifically meant to block odours,,31A51,mirror,,,Sulphurous/ rotten/ fecal,,554 Artefact,,,,
125,Pomander,Musk ball,,"artifact, smell-source","jewel (often) made of precious metal, designed to contain scents, sometimes in seperate compartments, and accompanied by a small spoon",,"spherical, skull, snail, sea shell, book shaped, often of precious metal",31A51451,31A5145,"pomander, musk ball",,"ambergris, musk, rose, cloves, lemon, civet, cinnamon, nutmeg, schlag, rosemary, thyme","animalistic, spicy, herbal, floral, fruity",270 Musk,"554 Artefact, 4 Jewelry",http://www.wikidata.org/entity/Q4736,,,
126,Water,,,,,,,,,,,,,,559 Nature,http://www.wikidata.org/entity/Q283,,,
127,Pomander ship,,,"artifact, smell-source",metal miniature ship,,,,,,,"ambergris, musk, rose, cloves, lemon, civet, cinnamon, nutmeg, schlag, rosemary, thyme","animalistic, spicy, herbal, floral, fruity",,"554 Artefact,",,,,
128,Pomander Watch,,,"artifact, smell-source",circular with appearance of watch,,,,,,,"ambergris, musk, rose, cloves, lemon, civet, cinnamon, nutmeg, schlag, rosemary, thyme","animalistic, spicy, herbal, floral, fruity",,"554 Artefact,",,,,
129,Posy holder,,EN,"artifact, smell-source",holder of tussie mussie to prevent one from catching the plague,,tiny metal 'vases' without foot,,,,,"violet, wall flower",floral,,"554 Artefact, 4 Jewelry",http://www.wikidata.org/entity/Q3398846,,,
130,Potpourri (Bowl),,,"artifact, smell-source",dried plant materials and spices that were scatterd on the ground or put in bowls to spread frangrance,,,,,,,,floral,,"554 Artefact, 558 Fragrance",,,,
131,Pouncet Box,,,"artifact, smell-source",silver box with holes that had a vinegar soaked spong inside to keep odors and disease away in the 16th-17th century,,,,,,,,,"125 Pomander, 164 Vinaigrette",554 Artefact,http://www.wikidata.org/entity/Q111259524,,,
132,Powder Box,,,"artifact, smell-source",covered box for holding powdered cosmetics ,,,31A51454,31A5145,powder-box,,,,,554 Artefact,http://www.wikidata.org/entity/Q1435003,,,
133,Powdered Wig,,,"artifact, smell-source",,,,,,,,,floral,,554 Artefact,http://www.wikidata.org/entity/Q11996456,,,
134,Privy,,,"artifact, smell-source",a small toilet located outside a house or building,,,,,,,excrements,sulphurous/ rotten/ fecal,,554 Artefact,http://www.wikidata.org/entity/Q153938,,,
135,Rain,,,carrier,,,,26B,26,rain,,,ozonic/ aquatic,,559 Nature,http://www.wikidata.org/entity/Q7925,,,
136,Rosary,,,artifact,"Rosary can be made from wood, bone, glass, crushed flowers, agate, jet, amber, or jasper",,,,11Q751,saying the rosary,,"Ambergris, rose, musk","animalistic, floral",,"554 Artefact, 564 Religion",http://www.wikidata.org/entity/Q132539,,04116429-n,
137,Rosary bead,,,artifact,,,,,31D1,adult woman,,"Ambergris, rose, musk","animalistic, floral",136 Rosary,"554 Artefact, 4 Jewelry",,,,
138,Rose,,,smell-source,,,,25G41(...),25G41(...),flowers: rose,,rose,floral,,"560 Flora, 72 Flower",http://www.wikidata.org/entity/Q34687,,,
139,Organic waste,,,,,,,,25G1,groups of plants (herbs),,,,,560 Flora,http://www.wikidata.org/entity/Q864214,,,
140,Sachet,"Plague Bag, Sweet Bag",,"smell-source, artifact","small bags contaning sweet smelling substances, often worn on the body to mask the smell of sweat or to fight diseases",,,,41A71,table,,,sweet,,554 Artefact,http://www.wikidata.org/entity/Q2597618,,,
141,Scented bead,,,"artifact, smell-source",,,,,,,,,,"2 bao, 114 peltas, 136, rosaries, 137 rosary beads",554 Artefact,,,,
142,Scent bottle,,,"artifact, smell-source",,,,,,,,,,,"554 Artefact, 412 Bottle",,,,
143,scent box,,,"artifact, smell-source",,,spice-box ,41C315,41C76,scent-box,,,,,554 Artefact,,,,
144,Lamp,,,artifact,,,,,,,,,,,554 Artefact,,,,
145,Excrement,"Shit, Faeces",,smell-source,,,"animals (+ excrement, dung of animal(s))",25F(+4591),31A62,"faeces, excrement",,excrements,Sulphurous/ rotten/ fecal,,533 Body,http://www.wikidata.org/entity/Q496,,,
146,Skunk,,,smell-source,,,,,,,,skunk,"animalistic, sulphurous/ rotten/ fecal",,"555 Being, 13 Animal, 480 Mammal",http://www.wikidata.org/entity/Q43604020,,,
147,Smoke,,,"carrier, smell-source",,,smoke ,41B162,41B16,smoke,,smoke,Empyreumatic/ smoke,,559 Nature,http://www.wikidata.org/entity/Q130768,,,
148,Smelling Bottle,,,"artifact, smell-source",a bottle holding smelling salts or perfume,,,,,,,,,,"554 Artefact, 412 Bottle",,,,
149,Smelling Box,,,"artifact, smell-source",,,,,,,,,,,554 Artefact,,,,
150,Smelling Salts,Salt,,smell-source,substance containing ammonia used to wake people after faining,,,,,,,ammonia,sour/ acidic,,"560 Flora, 558 Fragrance, ",http://www.wikidata.org/entity/Q907235,,,
151,Snuff Box,"Tobacco box, Tobacco-box",,"artifact, smell-source",an ornamental box used for sniffing tabacco in the 17th and 18th century,,,41C7441,41C744,snuff-box,,Radish,empyreumatic/ smoke,"227 Tobacco, 530 Snuff",554 Artefacts,,,,
152,Soap,,,"smell-source, artifact",,,,31A5461,31A546,soap,,,,,"554 Artefact, 558 Fragrance",http://www.wikidata.org/entity/Q34396,,,
153,Sperm Whale,,,smell-source,,,,,,,,ambergirs,animalistic,5 (Beached) Whale,"555 Being, 13 Animal, 480 Mammal",http://www.wikidata.org/entity/Q81214,,,
154,Spikenard,,,smell-source,plant root,,,,,,,spikenard,radical/ roots,,"558 Fragrance, 259 Resin",http://www.wikidata.org/entity/Q15110770,,,
155,Spirit,,,smell-source,,,,41C713,31B,vision,,"gin, jenever",gourmand,,"405 Food, 535 Alcoholic drink",http://www.wikidata.org/entity/Q153,,,
156,,,,,,,,,,,,,,,,,,,
157,Steam Train,,,"smell-source, artifact",,,,46C1521,46C152,steam locomotive,,steam,industrial,538 Steam,554 Artefact,,,,
158,Tobacco packaging,,,artifact,,Tobacco-packaging,,,,,,,,227 Tobacco,554 Artefact,,,,
159,Talc,Talcum powder,,"smell-source, artifact",originating in Egypt and used in cosmetics,https://www.earthmagazine.org/article/mineral-resource-month-talc/,,,,,,,,,"554 Artefact, 558 Fragrance",http://www.wikidata.org/entity/Q134583,,,
160,Tallow,,,smell-source,substance from animal fat used for soap and candles,,,,,,,tallow,,,"533 Body, 558 Fragrance",http://www.wikidata.org/entity/Q863266,,,
161,Tea,,,smell-source,,,,41C722,41C72,tea (leaves),,tea,"empyreumatic/ smoke, gourmand",,"405 Food, 534 Drink",http://www.wikidata.org/entity/Q6097,,,
162,Tussie Mussie,"Posy, Posie, Nosegay",,smell-source,,,,,,,,,floral,,"560 Flora, 72 Flower",,,,
163,Vial,,,"carrier, artifact",,,,,73G4,"the seven angels with the seven vials, bringing disasters and destruction upon the earth and mankind",,,,,"554 Artefact, 412 Bottle",http://www.wikidata.org/entity/Q894640,,,
164,Vinaigrette,,,artifact,,,,X,,,X,vinegar,sour/ acidic,,405 Food,http://www.wikidata.org/entity/Q847441,,,
165,Vinegar,,,smell-source,,,,41C672,41C67,vinegar,,vinegar,sour/ acidic,,405 Food,http://www.wikidata.org/entity/Q47512,,,
166,Vomit,,,smell-source,,,,31A62,31A6,vomiting,,,sour/ acidic,25 candle,533 Body,http://www.wikidata.org/entity/Q127076,,,
167,Wax,,,smell-source,,,,49L6452,49L645,wax tablet,,,,,558 Fragrance,http://www.wikidata.org/entity/Q124695,,,
168,Wig,,,"smell-source, artifact",,,,31A5331,31A533,wig,,,,,"554 Artefact, 533 Body",http://www.wikidata.org/entity/Q105507,,,
169,Wine,,,smell-source,,,,47I422,47I42,vine,,,gourmand/ food,,"405 Food, 535 Alcoholic Drink",http://www.wikidata.org/entity/Q282,,,
170,Iris,,,smell-source,,,,25G41(...),92D,Iris,,iris,floral,,"560 Flora, 72 Flower",http://www.wikidata.org/entity/Q156901,,,
171,Jonquil,,,smell-source,,,,,,,,jonquil,"floral, sulphurous/ rotten/ fecal",257 Daffodil,"560 Flora, 72 Flower",http://www.wikidata.org/entity/Q1703489,,,
172,Patchouli,,,smell-source,,,,,,,,patchouli,"Spicy, floral/ flowers, fresh, green, earthy/ mineral",260 Cashmere,"560 Flora, 558 Fragrance",http://www.wikidata.org/entity/Q72499572,,,
173,<Sillage>,scent trail,FR,carrier,"invisible olfactory trail like an echo, left by person or object",,think of the clouds following Walt Disney's Pepe le Pew,,,,,,,,563 Abstract,,,,
174,Alembic,still,,"carrier, artifact",alchemic tool used for distilling,,,,,,,,,,,http://www.wikidata.org/entity/Q845242,,,
175,Lily-of-the-valley,Lily of the valley,,smell-source,,,,,,,,lily-of-the-valley,"floral, sulphurous/ rotten/ fecal","92 lily, 171 jonquil, 237 tuberose, 258 Jasmine","560 Flora, 72 Flower",http://www.wikidata.org/entity/Q101711,,,
176,Laundry,,,"smell-source, artifact",,,,41D4281,41D428,"wash house, home laundry, laundry room",,,,,554 Artefact,http://www.wikidata.org/entity/Q852100,,,
177,Spice,,,smell-source,,,,41C31,41C31,spice-box,,,spicy,,405 Food,http://www.wikidata.org/entity/Q42527,,07828160-n,
178,Seafood,,,smell-source,,,,41C681,41C68,seafood,,seafood,"Gourmand/ food, fishy",,"405 Food, 177 Spice",http://www.wikidata.org/entity/Q192935,,,
179,Oil lamp,,,"carrier, artifact",,,,41B34,41B3,oil-lamp,,oil,Industrial?,109 Oil,"554 Artefact, 144 Lamp",http://www.wikidata.org/entity/Q821952,,,
180,Meat,,,smell-source,,,,41C69,41C69,ham,,meat,Gourmand/ food,,405 Food,http://www.wikidata.org/entity/Q10990,,,
181,Sausage,,,smell-source,,,,41C693,41C69,sausage,,sausage,Gourmand/ food,,405 Food,http://www.wikidata.org/entity/Q131419,,,
182,Ham,,,smell-source,,,,41C694,41C69,ham,,ham,Gourmand/ food,,405 Food,http://www.wikidata.org/entity/Q170486,,,
183,Stew,,,smell-source,,,,,,,,stew,Gourmand/ food,,405 Food,http://www.wikidata.org/entity/Q2920963,,,
184,Poultry,,,smell-source,,,,,47I2,poultry farm,,poultry,Gourmand/ food,,405 Food,http://www.wikidata.org/entity/Q178559,,,
185,Porridge,,,smell-source,,,,,41C612,cereal,,porridge,Gourmand/ food,,405 Food,http://www.wikidata.org/entity/Q186817,,,
186,Pancake,,,smell-source,,,,41C623,41C62,pancakes,,pancake,Gourmand/ food,,405 Food,http://www.wikidata.org/entity/Q44541,,,
187,Pie,,,smell-source,,,,41C625,41C62,pie,,pie,Gourmand/ food,,405 Food,http://www.wikidata.org/entity/Q13360264,,,
188,Pig,,,smell-source,,,,47I212,47I21,pig,,pig,"Rural, 13 Animalistic",98 Manure,"555 Being, 480 Mammal",http://www.wikidata.org/entity/Q787,,,
189,Horse,,,smell-source,,,,46C13141,46C1314,horse,,horse,"Rural, empyreumatic/ smoke, 13 Animalistic","98 Manure, 233 Leather","555 Being, 480 Mammal",http://www.wikidata.org/entity/Q726,,,
190,Cow,,,smell-source,,,,47I211,47I211,cow,,cow,"Rural, 13 Animalistic",98 Manure,"555 Being, 480 Mammal",http://www.wikidata.org/entity/Q11748378,,,
191,Bull,,,smell-source,,,,47I21111,47I211,bull,,bull,"Rural, 13 Animalistic",98 Manure,"555 Being, 480 Mammal",http://www.wikidata.org/entity/Q693690,,,
192,Goat,,,smell-source,,,,47I214,47I21,goat,,caprylic/ hircinos,"Gourmand/ food, rural, 13 Animalistic",,"555 Being, 480 Mammal",http://www.wikidata.org/entity/Q2934,,,
193,Sheep,,,smell-source,,,,47I213,47I21,sheep,,,"Rural, 13 Animalistic",,"555 Being, 480 Mammal",http://www.wikidata.org/entity/Q7368,,,
194,Chicken,,,smell-source,,,,,34B232,chicken house,,chicken,"Rural, 13 Animalistic",,"555 Being, 461 Bird",http://www.wikidata.org/entity/Q780,,,
195,Pigeon,,,smell-source,,,,34B232,4.60E+04,pigeon (as messenger),,pigeon,animalistic,98 Manure,"555 Being, 461 Bird",http://www.wikidata.org/entity/Q10856,,,
196,Pigeon manure,,,"smell-source, artifact",,,,,,,,manure,"animalistic, sulphurous/ rotten/ fecal",98 Manure,554 Artefact,,,,
197,Labdanum,,,smell-source,,,,,,,,labdanum,resinous,,"558 Fragrance, 259 Resin",http://www.wikidata.org/entity/Q909160,,,
198,Sea,,,smell-source,,,,25H2322,25H232,sea,,sea,aquatic/ ozonic,,559 Nature,http://www.wikidata.org/entity/Q165,,,
199,Lake,,,smell-source,,,,,25H21,lake,,lake,aquatic/ ozonic,,559 Nature,http://www.wikidata.org/entity/Q23397,,,
200,Tree,,,smell-source,,,,25G3,25G3,fabulous trees,,tree,"fresh/ green, woody",,"560 Flora, 78 Plant",http://www.wikidata.org/entity/Q10884,,,
201,Lime blossom tree,,,smell-source,,,,,,,,lime blossom,"floral, sweet",,"560 Flora, 200 Tree",,,,
202,Sandalwood,,,smell-source,,,,,,,,sandalwood,"woody, sweet, sour/ acidic",,"560 Flora, 476 Wood",http://www.wikidata.org/entity/Q210858,,,
203,Benzoin,,,smell-source,,,,,,,,benzoin,"Resinous, sweet",,"558 Fragrance, 259 Resin",http://www.wikidata.org/entity/Q793163,,,
204,Tolu balm,,,smell-source,,,,,,,,tolu balm,"Resinous, sweet",,"558 Fragrance, 259 Resin",,,,
205,Peru balm,,,smell-source,,,,,,,,peru balm,"Resinous, sweet",,"558 Fragrance, 259 Resin",,,,
206,Vanilla,,,smell-source,,,,,,,,vanilla,"Empyreumatic/ smoke, sweet, gourmand",,"405 Food, 177 Spice",http://www.wikidata.org/entity/Q162044,,,
207,Castoreum,,,smell-source,,,,,,,,castoreum,animalistic,14 Beaver,"558 Fragrance, 556 Animal product, 533 Body",http://www.wikidata.org/entity/Q162724,,,
208,Coumarin,,,smell-source,,,,,,,,coumarin,"rural, sweet",87 Hay,562 Element,http://www.wikidata.org/entity/Q111812,,,
209,Meadow sweet,,,smell-source,,,,25H17,25H1,"meadow, pasture",,meadowsweet,"herbal, sweet",,"560 Floral, 210 Strewing herb",,,,
210,Strewing herb,,,smell-source,,,,,,,,strewing herb,sweet,,560 Floral,http://www.wikidata.org/entity/Q7623534,,,
211,Balm,,,smell-source,Substance made of resins and animal fats used to preserve the body after death during ancient times.,,,,25H11,(high) hill,,,resinous,,558 Fragrance,,,,
212,Calamus,"sweet flag, sweet cane",,smell-source,,,,,,,,calamus,"radical/ roots, sweet",,"560 Flora, 410 Root",http://www.wikidata.org/entity/Q158008,,,
213,Maces,,,smell-source,,,,,82AA(...),Macée,,mace,Spicy,,"405 Food, 177 Spice",http://www.wikidata.org/entity/Q272990,,,
214,Clove,,,smell-source,,,,41C66(...),41C66,"seasonings, spices (CLOVE)",,cloves,Spicy,,"405 Food, 177 Spice",http://www.wikidata.org/entity/Q15622897,,,
215,Cinnamon,,,smell-source,,,,25G22(...),25G22(...),(non-fruit) products of plants or trees: cinnamon,,cinnamon,Spicy,,"405 Food, 177 Spice",http://www.wikidata.org/entity/Q370239,,,
216,Gunpowder,,,"smell-source, artifact",,,,,45C161,gunpowder disaster,,gunpowder,empyreumatic/ smoke,,"554 Artefact, 475 Warfare",http://www.wikidata.org/entity/Q12861,,,
217,Styrax,,,smell-source,,,,,,,,styrax,resinous,,"558 Fragrance, 259 Resin",http://www.wikidata.org/entity/Q525062,,,
218,Oak,,,smell-source,,,,25G3(...),25G3(...),trees: oak,,oak,woody ,,"560 Flora, 200 Tree",http://www.wikidata.org/entity/Q12004,,,
219,Ylang ylang,,,smell-source,,,,,,,,ylang ylang,"floral, sweet",,"560 Flora, 72 Flower",http://www.wikidata.org/entity/Q220963,,,
220,Opoponax,,,smell-source,,,,,,,,opoponax,"Resinous, sweet",,"558 Fragrance, 259 Resin",http://www.wikidata.org/entity/Q21024255,,,
221,Acacia,,,smell-source,,,,25G3(...),25G3(...),trees: acacia,,acacia,"Floral, sweet",239 Acacia farnesiana,"560 Flora, 72 Flower, 200 Tree",http://www.wikidata.org/entity/Q81666,,,
222,galbanum,,,smell-source,,,,,,,,galbanum,"Resinous, green",,"558 Fragrance, 259 Resin",http://www.wikidata.org/entity/Q7706672,,,
223,violet,,,smell-source,,,,25G41(...),25G41(...),flowers: violet,,violet,"floral, sweet",,"560 Flora, 72 Flower",http://www.wikidata.org/entity/Q146095,,,
224,orris root,,,smell-source,,,,,,,,orris root,"radical/ roots, sweet",170 Iris,"560 Flora, 410 Root",http://www.wikidata.org/entity/Q7104100,,,
225,gum tragacanth,,,smell-source,,,,,,,,gum tragacanth,resinous,,"560 Flora, 259 Resin",http://www.wikidata.org/entity/Q423901,,,
226,hyacinth,,,smell-source,,,,25G41(...),25G41(...),flowers: hyacinth,,hyacinth,"floral, sweet, sulphurous/ rotten/ fecal",,"560 Flora, 72 Flower",http://www.wikidata.org/entity/Q207273,,,
227,Tobacco,,,,,,,41C74,41C7,tobacco,,,,,560 Flora,http://www.wikidata.org/entity/Q1566,,,
228,Aqua mirabilis,,,smell-source,,,,,,,,aqua mirabilis,"fresh/ green, perfume","58 Eau de cologne, 
59 hungarian water","558 Fragrance, 65 Perfume, 404 Medicine",http://www.wikidata.org/entity/Q203015,,,
229,Theriaca,Theriac,,"carrier, smell-source","medicin made of a dozen of odorant substances, pearls and snake venom",,apothecary jar with the word 'theriacum' or 'theriaca' written on it,,,,,,"spicy, resinous, herbal",,404 Medicine,http://www.wikidata.org/entity/Q1546149,,,
230,Tar,,,smell-source,,,,41A721,41A72,chair,,tar,epyreumatic/ smoke,,562 Element,,,,
231,Juniper,Juniper berry,,smell-source,,,,25G31(...),25G31(...),shrubs: juniper,,"juniper, juniper berry",fresh/ green,155 Spirit,"560 Flora, 200 Tree",http://www.wikidata.org/entity/Q26325,,,
232,Laurel,bay leaves,,smell-source,,,,25G3(...),25G3(...),trees: laurel,,laurel,fresh/ green,93 Laurel wreath,"560 Flora, 200 Tree",http://www.wikidata.org/entity/Q26006,,,
233,Leather,,,"carrier, smell-source",,,,47B1714,47B171,tanner,,leather,"perfume, 13 Animalistic, sulphurous/ rotten/ fecal",,533 Body,http://www.wikidata.org/entity/Q286,,,
234,myrtle,,,smell-source,,,"Venus, Afrodite",25G31(...),25G31(...),shrubs: myrtle,,myrtle,fresh/ green,,"560 Flora, 200 Tree",http://www.wikidata.org/entity/Q165152,,,
235,mint,,,smell-source,,,,25G4(...),25G4(...),plants and herbs: ivy,,mint,"fresh/ green, herbal",,"560 Flora, 88 Herb",http://www.wikidata.org/entity/Q47859,,,
236,orchid,,,smell-source,,,,25G41(...),25G41(...),flowers: orchid,,orchid,floral,,"560 Flora, 72 Flower",http://www.wikidata.org/entity/Q142269,,,
237,Tuberose,,,smell-source,,,,25H213,25H21,river,,tuberose,"floral, sulphurous/ rotten/ fecal",,"560 Flora, 72 Flower",,,,
238,filth,,,smell-source,,,,,,,,filth,,,"563 Abstract, 413 Malodor",http://www.wikidata.org/entity/Q555882,,,
239,Acacia farnesiana,"Sweet acacia, Huisache, Needle bush",,,,,,,,,,,,,560 Flora,http://www.wikidata.org/entity/Q932729,,,
240,chamber pot,,,"smell-source, artifact",,,,31A611,31A61,chamber-pot,,,sulphurous/ rotten/ fecal,,554 Artefact,http://www.wikidata.org/entity/Q152475,,,
241,gangreen,,,smell-source,,,,,,,,gangreen,sulphurous/ rotten/ fecal,,533 Body,http://www.wikidata.org/entity/Q168805,,,
242,sulphur,brimstone,,smell-source,,,,,41B11,sulphur match,,sulphur,sulphurous/ rotten/ fecal,,562 Element,http://www.wikidata.org/entity/Q682,,,
243,sulphuric acid,,,smell-source,,,,,,,,sulphuric acid,sulphurous/ rotten/ fecal,,562 Element,http://www.wikidata.org/entity/Q4118,,,
244,mustard gas,,,smell-source,,,,,,,,mustard gas,sulphurous/ rotten/ fecal,,562 Element,http://www.wikidata.org/entity/Q81166,,,
245,wet earth,,,smell-source,,,,,24A8,sunbeams,,wet earth,earthy/ mineral,48 Geosmin,559 Nature,,,,
246,petrichor,,,smell-source,,,,,,,,petrichor,earthy/ mineral,247 Ozone,559 Nature,http://www.wikidata.org/entity/Q1787101,,,
247,ozone,,,smell-source,,,,,,,,ozone,aquatic/ ozonic,246 Petrichor,"562 Element, 33 Chemical Substance",http://www.wikidata.org/entity/Q36933,,,
248,Carbolic acid,,,smell-source,,,,,,,,carbolic acid,sweet,,"562 Element, 33 Chemical Substance",http://www.wikidata.org/entity/Q130336,,,
249,peat,,,smell-source,,,,25D25,25D2,peat (soil type),,peat,"earthy/ mineral, empyreumatic/ smoke, industrial",,559 Nature,http://www.wikidata.org/entity/Q184624,,,
250,Peony,Paeony,,smell-source,,,,25G4(...),25G4(...),plants and herbs: peony,,peonie,floral,,"560 Flora, 72 Flower",http://www.wikidata.org/entity/Q49248125,,,
251,Incense bowl,,,"artifact, smell-source",,,,,,,,"myrrh, frankincense",resinous,269 Incense,"554 Artefact, 89 Incense Burner",http://www.wikidata.org/entity/Q111514798,,,
252,<Boldoot>,,NL,smell-source,A Dutch renowned brand of eau de cologne,,,,,,,boldoot,"perfume, fresh/ green","228 Aqua mirabilis, 58 eau de cologne","558 Fragrance, 65 Perfume, 58 Eau de cologne",,,,
253,Fougère,,FR,smell-source,A family of perfume,,,,45C22,helmet,,fougere,"perfume, floral, rural","415 Lavender, 74 Oakmoss, 208 Coumarin","558 Fragrance, 65 Perfume",http://www.wikidata.org/entity/Q1439753,,,
254,Halitosis,contagium,NL,smell-source,Foul breath of a patient that was believed to be able to be contagious because of its odor,,,,,,,contagium,,,563 Abstract,,,,
255,Raflessia,,LA,smell-source,Giant red flower that gives off the smell of rotten corpses,,,,,,,raflessia,,,"560 Flora, 72 Flower",http://www.wikidata.org/entity/Q161888,,,
256,Durian,,,smell-source,spiky large fruit ,,,,,,,durian,Sulphurous/ rotten/ fecal,,"405 Food, 75 Fruit",http://www.wikidata.org/entity/Q134185,,,
257,Daffodil,,,smell-source,,,,25G41(...),25G41(...),flowers: narcissus,,daffodil,floral,,"560 Flora, 72 Flower",http://www.wikidata.org/entity/Q29465,,,
258,Jasmine,,,smell-source,,,,,,,,jasmin,"floral, sulphurous/ rotten/ fecal","92 Lily, 175 Lily-of-the-valley","560 Flora, 72 Flower",http://www.wikidata.org/entity/Q82014,,,
259,Resin,,,smell-source,,,,25D143,25D14,amber (fossil resin),,resin,resinous,,558 Fragrance,http://www.wikidata.org/entity/Q145205,,,
260,Cashmere,,,"carrier, smell-source",,,,,,,,patchouli,"earthy/ mineral, spicy",,"554 Artefact, 561 Clothh",http://www.wikidata.org/entity/Q333631,,,
261,Miasma,,,carrier,"manifestation of noxious air, often perceived as a foul smell",,,,,,,miasma,Sulphurous/ rotten/ fecal,"254 Contagium, 123 Plague mask",559 Nature,http://www.wikidata.org/entity/Q607329,,,
262,Mildew,,,smell-source,,,,,,,,mildew,mouldy,416 book,559 Nature,http://www.wikidata.org/entity/Q1220207,,,
263,Mould,,,smell-source,,,,,31A221,face,,mould,mouldy,416 book,559 Nature,http://www.wikidata.org/entity/Q159341,,,
264,Golden altar of incense,"Altar of incense, Golden altar",,"artifact, smell-source",,Exodus,,12A311,12A31,"the altar of incense, the golden altar ~ Jewish religion",,,resinous,269 Incense,"554 Artefact, 564 Religion",,,,
265,iso-butyl-quinoline,,,smell-source,,,,,,,,,"Perfume, chemical",233 Leather,"562 Element, 33 Chemical Substance",,,,
266,idoform,,,smell-source,,,,,,,,,"sweet, chemical",248 carbolic acid,562 Element,,,,
267,Frankincense,,,smell-source,,,,73B57,73B5,"adoration of the kings: the Wise Men present their gifts to the Christ-child (gold, frankincense and myrrh)",,frankincense,"resinous, sweet","269 incense, 103 myrrh","558 Fragrance, 259 Resin",http://www.wikidata.org/entity/Q173486,,,
268,<warmoes>,,NL,smell-source,collective pots brewing in public spaces where people could leave left-overs and take home some 'warmoes',,,,34B1,dog,,warmoes,gourmand/ food,,560 Flora,,,,
269,Incense,,,smell-source,collection of fragrant materials that can be burnt 'per fumum'  in order to give of scent,,,,25G31,shrubs (with NAME),,,,,"558 Fragrance, 259 Resin",http://www.wikidata.org/entity/Q273131,,,
270,Musk,,,,,,,,,,,,,,"558 Fragrance, 556 Animal product, 533 Body",http://www.wikidata.org/entity/Q323461,,,
271,ink,,,"smell-source, artifact",,"part of Andrea Buettner's (FAU) ""Geruchsobjekte""",,49L61,49L6,ink,,,,,554 Artefact,http://www.wikidata.org/entity/Q127418,,,
272,cork,,,"smell-source, artifact",,"part of Andrea Buettner's (FAU) ""Geruchsobjekte""",,,25G22,(non-fruit) products of plants or trees (with NAME),,,,,554 Artefact,http://www.wikidata.org/entity/Q49444,,,
273,cardboard,,,"smell-source, artifact",,"part of Andrea Buettner's (FAU) ""Geruchsobjekte""",,41A778,41A77,"container of paper, cardboard: bag, carton, box",,,,,554 Artefact,http://www.wikidata.org/entity/Q389782,,,
274,glue,,,"smell-source, artifact",,"part of Andrea Buettner's (FAU) ""Geruchsobjekte""",,47C435,47C43,glueing (industrial process),,,,,554 Artefact,http://www.wikidata.org/entity/Q500548,,,
275,turpentine,,,"smell-source, artifact",,"part of Andrea Buettner's (FAU) ""Geruchsobjekte""",,,,,,,,,554 Artefact,http://www.wikidata.org/entity/Q201382,,,
276,rubber,,,"smell-source, artifact",,"part of Andrea Buettner's (FAU) ""Geruchsobjekte""",,,,,,,,,554 Artefact,http://www.wikidata.org/entity/Q18113858,,,
277,grapefruit,,,smell-source,,"part of Andrea Buettner's (FAU) ""Geruchsobjekte""",,,,,,,fruity,,"405 Food, 75 Fruit",http://www.wikidata.org/entity/Q21552830,,,
278,mandarin,,,smell-source,,"part of Andrea Buettner's (FAU) ""Geruchsobjekte""",,,,,,,fruity,,"405 Food, 75 Fruit",http://www.wikidata.org/entity/Q125337,,,
279,lemongrass,,,smell-source,,"part of Andrea Buettner's (FAU) ""Geruchsobjekte""",,,,,,,fruity,,"405 Food, 75 Fruit",http://www.wikidata.org/entity/Q33913,,,
280,blackcurrant,,,smell-source,,"part of Andrea Buettner's (FAU) ""Geruchsobjekte""",,,,,,,fruity,,"405 Food, 75 Fruit",http://www.wikidata.org/entity/Q146604,,,
281,blueberry,,,smell-source,,"part of Andrea Buettner's (FAU) ""Geruchsobjekte""",,,,,,,fruity,,"405 Food, 75 Fruit",http://www.wikidata.org/entity/Q13178,,,
282,strawberry,,,smell-source,,"part of Andrea Buettner's (FAU) ""Geruchsobjekte""",,25G21(...),25G21(...),fruits: strawberry,,,fruity,,"405 Food, 75 Fruit",http://www.wikidata.org/entity/Q745,,,
283,raspberry,,,smell-source,,"part of Andrea Buettner's (FAU) ""Geruchsobjekte""",,25G21(...),25G21(...),fruits: raspberry,,,fruity,,"405 Food, 75 Fruit",http://www.wikidata.org/entity/Q12252383,,,
284,rhubarb,,,smell-source,,"part of Andrea Buettner's (FAU) ""Geruchsobjekte""",,,,,,,fruity,,"405 Food, 75 Fruit",http://www.wikidata.org/entity/Q27650430,,,
285,peach,,,smell-source,,"part of Andrea Buettner's (FAU) ""Geruchsobjekte""",,25G21(...),25G21(...),fruits: peach,,,fruity,,"405 Food, 75 Fruit",http://www.wikidata.org/entity/Q13189,,,
286,plum,,,smell-source,,"part of Andrea Buettner's (FAU) ""Geruchsobjekte""",,25G21(...),25G21(...),fruits: plum,,,fruity,,"405 Food, 75 Fruit",http://www.wikidata.org/entity/Q12372598,,,
287,grape,,,smell-source,,"part of Andrea Buettner's (FAU) ""Geruchsobjekte""",,47I4223,47I422,grape,,,fruity,,"405 Food, 75 Fruit",http://www.wikidata.org/entity/Q10978,,,
288,honeydew melon,honeydew,,smell-source,,"part of Andrea Buettner's (FAU) ""Geruchsobjekte""",,,,,,,fruity,,"405 Food, 445 Melon",http://www.wikidata.org/entity/Q47801,,,
289,pineapple,,,smell-source,,"part of Andrea Buettner's (FAU) ""Geruchsobjekte""",,25G21(...),25G21(...),fruits: pineapple,,,fruity,,"405 Food, 75 Fruit",http://www.wikidata.org/entity/Q1493,,,
290,pear,,,smell-source,,"part of Andrea Buettner's (FAU) ""Geruchsobjekte""",,25G21(...),25G3,trees (with NAME),,,fruity,,"405 Food, 75 Fruit",http://www.wikidata.org/entity/Q434,,,
291,watermelon,,,smell-source,,"part of Andrea Buettner's (FAU) ""Geruchsobjekte""",,,,,,,fruity,,"405 Food, 75 Fruit, 445 Melon",http://www.wikidata.org/entity/Q17507129,,,
292,coconut,,,smell-source,,"part of Andrea Buettner's (FAU) ""Geruchsobjekte""",,25G3(...),25G3(...),trees: coconut-tree,,,fruity,,"405 Food, 75 Fruit",http://www.wikidata.org/entity/Q3342808,,,
293,walnut,,,smell-source,,"part of Andrea Buettner's (FAU) ""Geruchsobjekte""",,25G21(...),25G21(...),fruits: walnut,,,fruity,,"405 Food, 520 Nut",http://www.wikidata.org/entity/Q46871,,,
294,hazelnut,,,smell-source,,"part of Andrea Buettner's (FAU) ""Geruchsobjekte""",,25G21(...),25G21(...),fruits: hazelnut,,,gourmand/ food,,"405 Food, 520 Nut",http://www.wikidata.org/entity/Q578307,,,
295,peanut,,,smell-source,,"part of Andrea Buettner's (FAU) ""Geruchsobjekte""",,25G21(...),25G21,fruits (PEANUT),,,gourmand/ food,,"405 Food, 520 Nut",http://www.wikidata.org/entity/Q37383,,,
296,almond,,,smell-source,,"part of Andrea Buettner's (FAU) ""Geruchsobjekte""",,25G21(...),25G21(...),fruits: almond,,,gourmand/ food,,"405 Food, 520 Nut",http://www.wikidata.org/entity/Q15545507,,,
297,carrot,,,smell-source,,"part of Andrea Buettner's (FAU) ""Geruchsobjekte""",,25G22(...),25G22,(non-fruit) products of plants or trees (with NAME),,,radical/ roots,,"405 Food, 410 Root",http://www.wikidata.org/entity/Q81,,,
298,aubergine,eggplant,,smell-source,,"part of Andrea Buettner's (FAU) ""Geruchsobjekte""",,,49L17,historiated initial,,,gourmand/ food,,"405 Food, 403 Vegetable",http://www.wikidata.org/entity/Q7540,,,
299,pea,,,smell-source,,"part of Andrea Buettner's (FAU) ""Geruchsobjekte""",,25G2111(...),25G2111(...),seed: pea,,,gourmand/ food,,"405 Food, 403 Vegetable",http://www.wikidata.org/entity/Q25237,,,
300,potato,,,smell-source,,"part of Andrea Buettner's (FAU) ""Geruchsobjekte""",,41C651,41C65,potatoes,,,"gourmand/ food, earthy/ mineral",,"405 Food, 403 Vegetable",http://www.wikidata.org/entity/Q10998,,,
301,asparagus,,,smell-source,,"part of Andrea Buettner's (FAU) ""Geruchsobjekte""",,25G22(...),25G22(...),(non-fruit) products of plants or trees: asparagus,,,gourmand/ food,,"405 Food, 403 Vegetable",http://www.wikidata.org/entity/Q2853420,,,
302,chives,,,smell-source,,"part of Andrea Buettner's (FAU) ""Geruchsobjekte""",,,,,,,"gourmand/ food, sulphurous/ rotten/ fecal","110 onion, 79 garlic, 303 leek","405 Food, 403 Vegetable",http://www.wikidata.org/entity/Q51148,,,
303,leek ,,,smell-source,,"part of Andrea Buettner's (FAU) ""Geruchsobjekte""",,,61,adult man,,sulphurous/ fecal,,"110 onion, 79 garlic, 302 chives","405 Food, 403 Vegetable",http://www.wikidata.org/entity/Q1807269,,,
304,bellpepper,Bell pepper,,smell-source,,"part of Andrea Buettner's (FAU) ""Geruchsobjekte""",,,,,,,,,"405 Food, 403 Vegetable",,,,
305,corn,,,smell-source,,"part of Andrea Buettner's (FAU) ""Geruchsobjekte""",,,47I111,ears of corn,,,,,"405 Food, 403 Vegetable",http://www.wikidata.org/entity/Q11575,,,
306,horse radish,,,smell-source,,"part of Andrea Buettner's (FAU) ""Geruchsobjekte""",,,,,,,,,"405 Food, 403 Vegetable",,,,
307,spring onion ,Scallion,,smell-source,,"part of Andrea Buettner's (FAU) ""Geruchsobjekte""",,,,,,,,,"405 Food, 403 Vegetable",http://www.wikidata.org/entity/Q774278,,,
308,celery,,,smell-source,,"part of Andrea Buettner's (FAU) ""Geruchsobjekte""",,,,,,,,,"405 Food, 403 Vegetable",http://www.wikidata.org/entity/Q28298,,,
309,parsnip,,,smell-source,,"part of Andrea Buettner's (FAU) ""Geruchsobjekte""",,,,,,,,,"405 Food, 403 Vegetable",http://www.wikidata.org/entity/Q188614,,,
310,olive,,,smell-source,,"part of Andrea Buettner's (FAU) ""Geruchsobjekte""",,,25G21(...),fruits: olive,,,,,"405 Food, 403 Vegetable",http://www.wikidata.org/entity/Q1621080,,,
311,cabbage,,,smell-source,,"part of Andrea Buettner's (FAU) ""Geruchsobjekte""",,25G4(...),25G4(...),plants and herbs: cabbage,,,,,"405 Food, 403 Vegetable",http://www.wikidata.org/entity/Q14328596,,,
312,mushroom,,,smell-source,,"part of Andrea Buettner's (FAU) ""Geruchsobjekte""",,25G541,25G54,mushrooms,,,,,405 Food,http://www.wikidata.org/entity/Q83093,,,
313,cucumber,,,smell-source,,"part of Andrea Buettner's (FAU) ""Geruchsobjekte""",,,,,,,,,"405 Food, 403 Vegetable",,,,
314,beetroot,,,smell-source,,"part of Andrea Buettner's (FAU) ""Geruchsobjekte""",,,,,,,,,"405 Food, 410 Root",http://www.wikidata.org/entity/Q165437,,,
315,parsley,,,smell-source,,"part of Andrea Buettner's (FAU) ""Geruchsobjekte""",,25G3(...),25G3(CYPRESS),trees: cypress (+ plants used symbolically),,,,,"405 Food, 403 Vegetable",http://www.wikidata.org/entity/Q25284,,,
316,cress,,,smell-source,,"part of Andrea Buettner's (FAU) ""Geruchsobjekte""",,,,,,,,,"405 Food, 403 Vegetable",http://www.wikidata.org/entity/Q27033,,,
317,curry,,,smell-source,,"part of Andrea Buettner's (FAU) ""Geruchsobjekte""",,46C13172,46C1317,curry-comb,,,,,405 Food,http://www.wikidata.org/entity/Q164606,,,
318,mustard  ,,,smell-source,,"part of Andrea Buettner's (FAU) ""Geruchsobjekte""",,41C663,41C66,mustard,,,,,405 Food,http://www.wikidata.org/entity/Q131748,,,
319,chili,,,smell-source,,"part of Andrea Buettner's (FAU) ""Geruchsobjekte""",,,25K,landscapes in polar regions,,,,,405 Food,http://www.wikidata.org/entity/Q165199,,,
320,fenugreek,,,smell-source,,"part of Andrea Buettner's (FAU) ""Geruchsobjekte""",,,,,,,,,"405 Food, 177 Spice",http://www.wikidata.org/entity/Q133205,,,
321,pepper,,,smell-source,,"part of Andrea Buettner's (FAU) ""Geruchsobjekte""",,41C662,41C66,pepper,,,,,"405 Food, 177 Spice",http://www.wikidata.org/entity/Q43084,,,
322,Origan,Oregano,,smell-source,,"part of Andrea Buettner's (FAU) ""Geruchsobjekte""",,25G4(...),25G4(...),plants and herbs: origanum,,,,,"405 Food, 88 Herb",http://www.wikidata.org/entity/Q92581152,,,
323,cumin,,,smell-source,,"part of Andrea Buettner's (FAU) ""Geruchsobjekte""",,,,,,,,,"405 Food, 177 Spice",http://www.wikidata.org/entity/Q57328174,,,
324,anise,,,smell-source,,"part of Andrea Buettner's (FAU) ""Geruchsobjekte""",,,,,,,,,"405 Food, 177 Spice",http://www.wikidata.org/entity/Q28692,,,
325,fennel,,,smell-source,,"part of Andrea Buettner's (FAU) ""Geruchsobjekte""",,25G4(...),25G4(...),plants and herbs: giant fennel,,,,,"405 Food, 177 Spice",http://www.wikidata.org/entity/Q43511,,,
326,caraway,,,smell-source,,"part of Andrea Buettner's (FAU) ""Geruchsobjekte""",,,,,,,,,"405 Food, 177 Spice",http://www.wikidata.org/entity/Q26811,,,
327,dill,,,smell-source,,"part of Andrea Buettner's (FAU) ""Geruchsobjekte""",,25G41(...),25G41,flowers (DAGSCONE),,,,,"405 Food, 88 Herb",http://www.wikidata.org/entity/Q26686,,,
328,liquorice,,,smell-source,,"part of Andrea Buettner's (FAU) ""Geruchsobjekte""",,,,,,,,,405 Food,http://www.wikidata.org/entity/Q257106,,,
329,woodruff,,,smell-source,,"part of Andrea Buettner's (FAU) ""Geruchsobjekte""",,,41D,fashion,,,,,"560 Flora, 72 Flower",http://www.wikidata.org/entity/Q161090,,,
330,coriander seed,,,smell-source,,"part of Andrea Buettner's (FAU) ""Geruchsobjekte""",,,,,,,,,"405 Food, 370 Seed, 177 Spice",http://www.wikidata.org/entity/Q20856764,,,
331,coriander leaf,,,smell-source,,"part of Andrea Buettner's (FAU) ""Geruchsobjekte""",,,,,,,,,"405 Food, 88 Herb, 177 Spice, 531 Leaf",http://www.wikidata.org/entity/Q65523167,,,
332,sage,,,smell-source,,"part of Andrea Buettner's (FAU) ""Geruchsobjekte""",,25G4(...),25G4(...),plants and herbs: sage,,,,,"405 Food, 88 Herb",http://www.wikidata.org/entity/Q1111359,,,
333,lovage,,,smell-source,,"part of Andrea Buettner's (FAU) ""Geruchsobjekte""",,,,,,,,,405 Food,http://www.wikidata.org/entity/Q27615,,,
334,lemon balm,,,smell-source,,"part of Andrea Buettner's (FAU) ""Geruchsobjekte""",,,,,,,,,558 Fragrance,http://www.wikidata.org/entity/Q148396,,,
335,lemon,,,smell-source,,"part of Andrea Buettner's (FAU) ""Geruchsobjekte""",,25G21(...),25G21(...),fruits: lemon,,,,,"405 Food, 75 Fruit",http://www.wikidata.org/entity/Q1093742,,,
336,cider,,,smell-source,,"part of Andrea Buettner's (FAU) ""Geruchsobjekte""",,,,,,,,,405 Food,http://www.wikidata.org/entity/Q167296,,,
337,liqueur,,,smell-source,,"part of Andrea Buettner's (FAU) ""Geruchsobjekte""",,41C712,41C71,liqueur,,,,,405 Food,http://www.wikidata.org/entity/Q178780,,,
338,milk,,,smell-source,,"part of Andrea Buettner's (FAU) ""Geruchsobjekte""",,41C641,41C641,milk,,,,,405 Food,http://www.wikidata.org/entity/Q8495,,,
339,cream,,,smell-source,,"part of Andrea Buettner's (FAU) ""Geruchsobjekte""",,41C64133,41C6413,cream,,,,,405 Food,http://www.wikidata.org/entity/Q13228,,,
340,yoghurt,,,smell-source,,"part of Andrea Buettner's (FAU) ""Geruchsobjekte""",,41C64132,41C6413,yoghurt,,,,,405 Food,http://www.wikidata.org/entity/Q13317,,,
341,egg,,,smell-source,,"part of Andrea Buettner's (FAU) ""Geruchsobjekte""",,41C642,48A9857,(other) ornaments derived from objects (with NAME),,,,,405 Food,http://www.wikidata.org/entity/Q93189,,,
342,mussel,,,smell-source,,"part of Andrea Buettner's (FAU) ""Geruchsobjekte""",,25F72(...),25F72(...),molluscs: mussel,,,,,"555 Being, 465 Bivalve, 405 Food",http://www.wikidata.org/entity/Q27855,,,
343,Crustacean,,,smell-source,,"part of Andrea Buettner's (FAU) ""Geruchsobjekte""",,25F716,25F71,crustaceans,,,,,"555 Being, 464 Invertebrate",http://www.wikidata.org/entity/Q25364,,,
344,honey,,,smell-source,,"part of Andrea Buettner's (FAU) ""Geruchsobjekte""",,41C636,41C63,honey,,,,,405 Food,http://www.wikidata.org/entity/Q10987,,,
345,beeswax,,,smell-source,,"part of Andrea Buettner's (FAU) ""Geruchsobjekte""",,,,,,,,,"558 Fragrance, 167 Wax",http://www.wikidata.org/entity/Q143739,,,
346,broth,,,smell-source,,"part of Andrea Buettner's (FAU) ""Geruchsobjekte""",,41C696,41C69,"broth, soup",,,,,405 Food,http://www.wikidata.org/entity/Q275068,,,
347,Candy floss,Cotton candy,,smell-source,,"part of Andrea Buettner's (FAU) ""Geruchsobjekte""",,,,,,,,,405 Food,http://www.wikidata.org/entity/Q49737,,,
348,marzipan,,,smell-source,,"part of Andrea Buettner's (FAU) ""Geruchsobjekte""",,,,,,,,,405 Food,http://www.wikidata.org/entity/Q106252,,,
349,amaretto,,,smell-source,,"part of Andrea Buettner's (FAU) ""Geruchsobjekte""",,,,,,,,,"405 Food, 337 Liqueur",http://www.wikidata.org/entity/Q455045,,,
350,geranium,,,smell-source,,"part of Andrea Buettner's (FAU) ""Geruchsobjekte""",,,25,plants; vegetation,,,,,"560 Flora, 72 Flower",http://www.wikidata.org/entity/Q157211,,,
351,geranium leaf,,,smell-source,,"part of Andrea Buettner's (FAU) ""Geruchsobjekte""",,,,,,,,350 geranium,"560 Flora, 531 Leaf",,,,
352,blackcurrant leaf,,,smell-source,,"part of Andrea Buettner's (FAU) ""Geruchsobjekte""",,,,,,,,,"560 Flora, 531 Leaf",http://www.wikidata.org/entity/Q96097902,,,
353,elderflower,,,smell-source,,"part of Andrea Buettner's (FAU) ""Geruchsobjekte""",,,,,,,,,"560 Flora, 88 Herb",http://www.wikidata.org/entity/Q67778134,,,
354,rapeseed,,,smell-source,,"part of Andrea Buettner's (FAU) ""Geruchsobjekte""",,,,,,,,,"560 Flora, 78 Plant",http://www.wikidata.org/entity/Q177932,,,
355,eucalyptus,,,smell-source,,"part of Andrea Buettner's (FAU) ""Geruchsobjekte""",,,,,,,,,"560 Flora, 200 Tree",http://www.wikidata.org/entity/Q45669,,,
356,pine needle,,,smell-source,,"part of Andrea Buettner's (FAU) ""Geruchsobjekte""",,,25H15,forest of coniferous trees,,,,,"560 Flora, 78 Plant",http://www.wikidata.org/entity/Q59672484,,,
357,fir needle,,,smell-source,,"part of Andrea Buettner's (FAU) ""Geruchsobjekte""",,,,,,,,,"560 Flora, 78 Plant",,,,
358,conifer,,,smell-source,,"part of Andrea Buettner's (FAU) ""Geruchsobjekte""",,,,,,,,,"560 Flora, 200 Tree",http://www.wikidata.org/entity/Q132825,,,
359,cedar (Virginia),,,smell-source,,"part of Andrea Buettner's (FAU) ""Geruchsobjekte""",,,,,,,,,"560 Flora, 358 Conifer",http://www.wikidata.org/entity/Q157522,,,
360,cedar (Lebanon),,,smell-source,,"part of Andrea Buettner's (FAU) ""Geruchsobjekte""",,,71I422,cutting and trimming of the trees in the Lebanon,,,,,"560 Flora, 359 Conifer",http://www.wikidata.org/entity/Q61105,,,
361,Chamomile,Camomile,,smell-source,,"part of Andrea Buettner's (FAU) ""Geruchsobjekte""",,,,,,,,,"560 Flora, 72 Flower",http://www.wikidata.org/entity/Q28437,,,
362,Lilac,Syringa,,smell-source,,"part of Andrea Buettner's (FAU) ""Geruchsobjekte""",,,,,,,,,"560 Flora, 73 Flower",http://www.wikidata.org/entity/Q6565319,,,
363,Popcorn,,,smell-source,,"part of Andrea Buettner's (FAU) ""Geruchsobjekte""",,,,,,,,,405 Food,http://www.wikidata.org/entity/Q165112,,,
364,malt,,,smell-source,,"part of Andrea Buettner's (FAU) ""Geruchsobjekte""",,,25H1,coast,,,,15 Beer,405 Food,http://www.wikidata.org/entity/Q152024,,,
365,yeast,,,smell-source,,"part of Andrea Buettner's (FAU) ""Geruchsobjekte""",,,,,,,,,405 Food,http://www.wikidata.org/entity/Q45422,,,
366,urine,,,"smell-source, artifact",,"part of Andrea Buettner's (FAU) ""Geruchsobjekte""",,31A61,49G311,urinal (and basket),,,,,"554 Artefact, 533 Body",http://www.wikidata.org/entity/Q40924,,,
367,sweat,,,smell-source,,"part of Andrea Buettner's (FAU) ""Geruchsobjekte""",,31A66,31A6,"sweating, perspiration",,,,,"533 Body, 565 Bodily fluids",http://www.wikidata.org/entity/Q3503092,,,
368,Semen,"Seminal fluid, sperm",,smell-source,,"part of Andrea Buettner's (FAU) ""Geruchsobjekte""",,31A223613,25G,trees,,,,,533 Body,http://www.wikidata.org/entity/Q9715,,,
369,cat urine,,,smell-source,,"part of Andrea Buettner's (FAU) ""Geruchsobjekte""",,,34B1,cat,,,,462 Cat,"533 Body, 565 Bodily fluids",,,,
370,Seed,,,,,,,,,,,,,,"560 Flora, 78 Plant",http://www.wikidata.org/entity/Q40763,,,
371,liquid manure,,,smell-source,,"part of Andrea Buettner's (FAU) ""Geruchsobjekte""",,,,,,,,,"533 Body, 565 Bodily fluids",http://www.wikidata.org/entity/Q905313,,,
372,furze,,,smell-source,,"part of Andrea Buettner's (FAU) ""Geruchsobjekte""",,,,,,,,,560 Flora,http://www.wikidata.org/entity/Q393278,,,
373,Sulphur sticks,,,"smell-source, artifact",,,,,,,,,,,554 Artefact,,,,
374,Musical snuff box,,,"smell-source, artifact",,,,,,,,,,,"554 Artefact, 151 Snuff Box",,,,
375,whale oil,,,smell-source,,,,,,,,,,,"533 Body, 109 Oil",http://www.wikidata.org/entity/Q1053334,,,
376,cod liver oil,,,smell-source,,,,,,,,,,,"533 Body, 109 Oil",http://www.wikidata.org/entity/Q748786,,,
377,pollution,contamination,,smell-source,,,,36B11,36B11,air pollution,,,,,563 Abstract,http://www.wikidata.org/entity/Q58734,,,
378,air pollution,,,smell-source,,,,36B111,36B11,air pollution,,,,,"563 Abstract, 377 Pollution",http://www.wikidata.org/entity/Q131123,,,
379,wind,,,smell-source,,,,26,26,winds,,,,,"559 Nature, 417 Air",http://www.wikidata.org/entity/Q8094,,,
380,sea wind,sea breeze,,smell-source,,,,,26C3,storm at sea,,sea,ozonic/ aquatic,,"559 Nature, 379 Wind",,,,
381,diesel fuel,,,smell-source,,,,,,,,,industrial,,559 Nature,http://www.wikidata.org/entity/Q38423,,,
382,kerosene,parrafin,,smell-source,,,,,,,,,industrial,,559 Nature,http://www.wikidata.org/entity/Q76904,,,
383,petroleum,,,smell-source,,,,,25D4,oil; oil refinery,,,industrial,,559 Nature,http://www.wikidata.org/entity/Q22656,,,
384,passion flower,,,smell-source,,,,,47I2,cattle,,passion flower,"fruity, floral",,"560 Flora, 72 Flower",http://www.wikidata.org/entity/Q1327999,,,
385,passion fruit,,,smell-source,,,,,31A319,blindfold,,passion fruit,fruity,,"405 Food, 75 Fruit",http://www.wikidata.org/entity/Q156790,,,
386,<schlag>,,NL/ DE,smell-source,A combination of aromatics meant for pomanders and to protect oneself from miasmas and diseases,,"pomander, metal sphere, inscription 'schlag'",26C,26,winds,,"nutmeg, cinnamon, cloves, lavender, marjoram, rosemary, ambergris, musk, civet","spicy, herbal, 13 Animalistic","125 pomander, 261 miasma","405 Food, 177 Spice",,,,
387,<oiselet>,,FR,"smell-source, artifact",Scent balls fashioned in the shape of birds,,,,,,,,,,"555 Being, 13 Animal, 461 Bird",,,,
388,sassafras,,,smell-source,,,,,,,,,,,560 Flora,http://www.wikidata.org/entity/Q131532,,,
389,musk mallow,,,smell-source,,,,,,,,musk,animalistic,,"560 Flora, 72 Flower",http://www.wikidata.org/entity/Q157920,,,
390,musk seed,,,smell-source,,,,,,,,musk,animalistic,,"560 Flora, 370 Seed",,,,
391,Cornflower,,,smell-source,,,,25G41(...),25G41(...),flowers: cornflower,,,,,"560 Flora, 72 Flower",http://www.wikidata.org/entity/Q156921,,,
392,chamois leather,,,"smell-source, carrier",,,,,,,,,"animalistic, sulphurous/ rotten/ fecal",,"533 Body, 233 Leather",http://www.wikidata.org/entity/Q1450533,,,
393,fumigation,,,"carrier, smell-source",healing through the power of smoke; women would often do this to stop a 'wandering womb.',,,,,,,smoke,empyreumatic/ smoke,,563 Abstract,http://www.wikidata.org/entity/Q60915,,,
394,<speculaes>,"speculaas, speculoos",NL,smell-source,"Mixture of spices for the typical 'speculaasje': a Dutch cookie eaten in December with cloves, nutmeg, pepper and cinnamon",,,,31A5111,reflection (in a mirror),,"spicy, nutmeg, cloves, cinnamon, pepper, cardamon, (white) pepper",spicy,,"405 Food, 544 Cookie",,,,
395,Allspice,"piment, all-spice",,smell-source,"a berry with hints of cloves, pepper and nutmeg",,,,34B1,dog,,all-spice,spicy,,"405 Food, 177 Spice",,,,
396,oud,,,smell-source,a piece of fragrant wood or tree,,the ka'baa used to contain a large piece of oud,,41C653,fruit (APPLE),,oud,"empyreumatic/ smoke, woody",,"560 Flora, 476 Wood",http://www.wikidata.org/entity/Q191000,,,
397,onycha,,,smell-source,shell mentioned in the bible used for incense,,shell,,,,,onycha,"empyreumatic/ smoke, 13 Animalistic",,555 Being,http://www.wikidata.org/entity/Q17105094,,,
398,vetiver,,,smell-source,a type of insect repelling fragrant grass,,a type of grass,,,,,vetiver,"empyreumatic/ smoke, woody",,"555 Being, 471 Insect",,,,
399,<reukwerk>,reuckwerk,NL,smell-source,"combination, composition of odorants or raw materials used for burnt offerings and embalmings (liquids, oils) and later for medical and aesthetic use",,,,,,,,"resinous, woody, spicy","267 Frankincense, 360 cedar, 397 onycha","558 Fragrance, 269 Incense",,,,
400,Florida Water,Agua de Florida,,,type of eau de Cologne imported from Europe to North and South-America used in rituals and for medical purposes,,,,25H2,sea (seascape),,,,,"558 Fragrance, 58 Eau de cologne",http://www.wikidata.org/entity/Q837648,,,
401,Acqua della Regina,Queen's Water,IT,,a predecessor of classic eau de Cologne first produced for Catarina de Medici and still produced by the Farmacia Santa Maria Novella in Florence using the original recipe,,,,44B19,crown (symbol of sovereignty),,,"fresh/ green, perfume",,"558 Fragrance, 58 Eau de cologne",,,,
402,Nitre plant,,,,,,,,,,,,,,"560 Flora, 200 Tree",,,,
403,Vegetable,,,,,,,41C652,41C65,vegetables,,,,,"405 Food, 78 Plant",http://www.wikidata.org/entity/Q11004,,,
404,Medicine,,,,,,,,49C16,Medicine (as one of the faculties),,,,,563 Abstract,http://www.wikidata.org/entity/Q12140,,03745652-n,
405,Food,,,,,,,,45C,food (in the army),,,,,,http://www.wikidata.org/entity/Q2095,,,
406,Nutmeg,,,smell-source,,,,41C66(...),41C66,"seasonings, spices (NUTMEG)",,,,,"405 Food, 177 Spice",http://www.wikidata.org/entity/Q2724976,,,
407,Basilic,,,smell-source,,,,25G4(...),11H(...),"Basil the Great (Basilius Magnus), bishop of Caesarea; possible attributes: dove, (column of) fire",,,,,"560 Flora, 88 Herb, 405 Food",http://www.wikidata.org/entity/Q16822477,,,
408,Rosemary,,,smell-source,,,,,,,,,,,"560 Flora, 88 Herb, 405 Food",http://www.wikidata.org/entity/Q122679,,,
409,Thyme,,,smell-source,,,,25G4(...),25G4(...),plants and herbs: thyme,,,,,"560 Flora, 88 Herb, 405 Food",http://www.wikidata.org/entity/Q148668,,,
410,Root,,,,,,,,25G22,(non-fruit) products of plants or trees (with NAME),,,,,560 Flora,http://www.wikidata.org/entity/Q111029,,,
411,Cinnamon cassia,"Cassia, Chinese cassia, Chinese cinnamon",,,,,,,,,,,,411 Cinnamon,"405 Food, 177 Spice",http://www.wikidata.org/entity/Q204148,,,
412,Bottle,,,"artifact, carrier",,,,49E39311,49E3931,bottles (ampullae),,,,,"554 Artefact, 448 Vessel",http://www.wikidata.org/entity/Q80228,,,
413,Malodor,,,,,,,,,,,,,,563 Abstract,,,,
414,Saffron,,,smell-source,,,,25G4(...),25G4(...),plants and herbs: saffron,,,,,"405 Food, 177 Spice",http://www.wikidata.org/entity/Q25434,,,
415,Lavender,,,smell-source,,,,31A5141(...),31A5141,scents (with NAME),,,,,"560 Flora, 72 Flower",http://www.wikidata.org/entity/Q171892,,,
416,Book,,,"smell-source, artifact",,,,49M32,,book,,,,,554 Artefact,http://www.wikidata.org/entity/Q571,,,
417,Air,Atmosphere,,,,,,21A,21,air (one of the four elements),,,,,559 Nature,http://www.wikidata.org/entity/Q7391292,,,
418,Slurry,,,smell-source,,,,,,,,,,,"533 Body, 565 Bodily fluids",http://www.wikidata.org/entity/Q23925154,,,
419,Stapelia,,,smell-source,"Stapelia is a genus of low-growing, spineless, stem succulent plants, predominantly from South Africa;  Stapelia flowers generate the odor of rotten flesh when they bloom",,,,,,,,,,"560 Flora, 78 Plant",http://www.wikidata.org/entity/Q163930,,,
420,Aceltene,,,smell-source,"Pure acetylene is odorless, but commercial grades usually have a marked odor due to impurities such as divinyl sulfide and phosphine.",,,,,,,,,,"562 Element, 33 Chemical Substance",,,,
421,Tagetes,,,smell-source,"a genus[2] of annual or perennial, mostly herbaceous plants in the sunflower family Asteraceae. ",,,,,,,,,,"560 Flora, 78 Plant",http://www.wikidata.org/entity/Q759876,,,
422,Mandrake,,,smell-source,"A mandrake is the root of a plant, historically derived either from plants of the genus Mandragora found in the Mediterranean region, or from other species, such as Bryonia alba, the English mandrake, which have similar properties. T",,,13C5,13C,"mandrake, 'mandragora'",,,,,"560 Flora, 410 Root",http://www.wikidata.org/entity/Q212742,,,
423,Wormwood,,,smell-source,"Artemisia absinthium (wormwood, grand wormwood, absinthe, absinthium, absinthe wormwood,[4] mugwort, wermout, wermud, wormit, wormod[5]) is a moderately poisonous species of Artemisia native to temperate regions of Eurasia[6] and North Africa, and widely naturalized in Canada and the northern United States.",,,25G4(...),25G4(...),plants and herbs: wormwood,,,,,"405 Food, 535 Alcoholic Drink",http://www.wikidata.org/entity/Q25686,,,
424,Ammonia,,,smell-source,,,,,,,,,,,562 Element,http://www.wikidata.org/entity/Q4087,,,
425,Magnolia,,,smell-source,,,,,41A77,container of stone: stone vase,,,,,560 Flora,http://www.wikidata.org/entity/Q157017,,,
426,Lignum Aquilae,,LT,smell-source,,,,,,,,,,,,,,,
427,Asa Foetida,,,smell-source,,,,,,,,,,,"405 Food, 177 Spice",,,,
428,Grayling,,,smell-source,,,,,,,,,,,"555 Being, 13 Animal, 461 Bird",http://www.wikidata.org/entity/Q627960,,,
429,Field wormwood,Artemisia Campestris,,smell-source,,,,,,,,,,,"560 Flora, 78 Plant",http://www.wikidata.org/entity/Q783863,,,
430,Acetic acid,,,smell-source,,,,,,,,,,,"562 Element, 33 Chemical Substance",http://www.wikidata.org/entity/Q47512,,,
431,Amber,,,smell-source,Stone. Fosilized tree resin,,,,,,,,,,"558 Fragrance, 259 Resin",http://www.wikidata.org/entity/Q25381,,,
432,Ambergris,,,smell-source,Grey amber. Derived from sperm whale,,,,,,,,,,"558 Fragrance, 556 Animal product, 533 Body",http://www.wikidata.org/entity/Q188774,,,
433,Asphalt,Bitumen,,"smell-source, artifact",,,,,,,,,,,554 Artefact,http://www.wikidata.org/entity/Q202251,,,
434,Henbane,,,smell-source,Hyoscyamus niger,,,,,,,,,,,http://www.wikidata.org/entity/Q161058,,,
435,Water mint,,,smell-source,Mentha Aquatica,,,,,,,,,,560 Flora,http://www.wikidata.org/entity/Q161232,,,
436,Brown coal,,,smell-source,Lignite,,,,,,,,,,"559 Nature, 47 Coal",http://www.wikidata.org/entity/Q156267,,,
437,Neroli,,,smell-source,,,,,,,,,,,"560 Flora, 72 Flowers",http://www.wikidata.org/entity/Q900616,,,
438,Petunia,,,smell-source,,,,,,,,,,,"560 Flora, 72 Flowers",http://www.wikidata.org/entity/Q161103,,,
439,Poppy,Papaver,,smell-source,,,,,,,,,,,"560 Flora, 72 Flowers",http://www.wikidata.org/entity/Q967457,,,
440,Tulip,,,smell-source,,,,,,,,,,,"560 Flora, 72 Flowers",http://www.wikidata.org/entity/Q93201,,,
441,Apple,,,smell-source,,,,,,,,,,,"405 Food, 75 Fruit",http://www.wikidata.org/entity/Q89,,,
442,Cherry,,,smell-source,,,,,,,,,,,"405 Food, 75 Fruit",http://www.wikidata.org/entity/Q196,,,
443,Currant,Ribes,,smell-source,,,,,,,,,,,"405 Food, 75 Fruit",http://www.wikidata.org/entity/Q3241599,,,
444,Fig,,,smell-source,,,,,,,,,,,"405 Food, 75 Fruit",http://www.wikidata.org/entity/Q36146,,,
445,Melon,,,smell-source,,,,,,,,,,,"405 Food, 75 Fruit",http://www.wikidata.org/entity/Q5881191,,,
446,Artichoke,,,smell-source,,,,,,,,,,,"405 Food, 403 Vegetable",http://www.wikidata.org/entity/Q23041430,,,
447,Pumpkin,,,smell-source,,,,,,,,,,,"405 Food, 403 Vegetable",http://www.wikidata.org/entity/Q165308,,,
448,Vessel,Drinking vessel,,"artifact, carrier",,,,,,,,,,534 Drink,554 Artefact,http://www.wikidata.org/entity/Q96952903,,,
449,Drinking glass,Glass,,"artifact, carrier",,,,,,,,,,534 Drink,"554 Artefact, 448 Vessel",http://www.wikidata.org/entity/Q21167379,,,
450,Glass with stem,Goblet,,"artifact, carrier",,,,,,,,,,,"554 Artefact, 449 Glass",http://www.wikidata.org/entity/Q18451251,,,
451,Glass without stem,,,"artifact, carrier",,,,,,,,,,,"554 Artefact, 449 Glass",,,,
452,Jug,,,"artifact, carrier",,,,,,,,,,,"554 Artefact, 448 Vessel",http://www.wikidata.org/entity/Q2413314,,,
453,Cup,,,"artifact, carrier",,,,,,,,,,,"554 Artefact, 448 Vessel",http://www.wikidata.org/entity/Q81727,,,
454,Chalice,,,"artifact, carrier",,,,,,,,,,,"554 Artefact, 450 Glass with stem",http://www.wikidata.org/entity/Q210723,,,
455,Wine Bottle,,,"artifact, carrier",,,,,,,,,,169 Wine,"554 Artefact, 412 Bottle",http://www.wikidata.org/entity/Q23490,,,
456,Carafe,,,"artifact, carrier",,,,,,,,,,452 Jug,"554 Artefact, 448 Vessel",http://www.wikidata.org/entity/Q1104430,,,
457,Coffeepot,,,"artifact, carrier",,,,,,,,,,50 Coffee,"554 Artefact, 448 Vessel, 574 Pot",http://www.wikidata.org/entity/Q1721055,,,
458,Teapot,,,"artifact, carrier",,,,,,,,,,161 Tea,"554 Artefact, 448 Vessel, 574 Pot",http://www.wikidata.org/entity/Q245005,,,
459,Vertebrate,,,smell-source,,,,,,,,,,,"555 Being, 13 Animal",http://www.wikidata.org/entity/Q25241,,,
460,Carcass,"Animal Carcass, 13 Animal corpse",,smell-source,,,,,,,,,,23 Cadaver,"555 Being, 459 Vertebrate",http://www.wikidata.org/entity/Q2937981,,,
461,Bird,,,smell-source,,,,,,,,,,,"555 Being, 459 Vertebrate",http://www.wikidata.org/entity/Q5113,,,
462,Cat,,,smell-source,,,,,,,,,,,"555 Being, 480 Mammal",http://www.wikidata.org/entity/Q146,,,
463,Donkey,,,smell-source,,,,,,,,,,,"555 Being, 480 Mammal",http://www.wikidata.org/entity/Q19707,,,
464,Invertebrate,,,smell-source,,,,,,,,,,,"555 555 Being, 13 Animal",http://www.wikidata.org/entity/Q43806,,,
465,Bivalve,,,smell-source,,,,,,,,,,,"555 Being, 464 Invertebrate",http://www.wikidata.org/entity/Q3886323,,,
466,Butterfly,,,smell-source,,,,,,,,,,,"555 Being, 464 Invertebrate",http://www.wikidata.org/entity/Q11946202,,,
467,Caterpillar,,,smell-source,,,,,,,,,,,"555 Being, 464 Invertebrate",http://www.wikidata.org/entity/Q81825,,,
468,Fly,,,smell-source,,,,,,,,,,,"555 Being, 464 Invertebrate",http://www.wikidata.org/entity/Q25312,,,
469,Lobster,,,smell-source,,,,,,,,,,,"555 Being, 343 crustacean",http://www.wikidata.org/entity/Q61864890,,,
470,Prawn,,,smell-source,,,,,,,,,,,"555 Being, 464 Invertebrate",http://www.wikidata.org/entity/Q7504001,,,
471,Insect,Bug,,smell-source,,,,,,,,,,,"555 Being, 464 Invertebrate",http://www.wikidata.org/entity/Q1390,,,
472,Bracelet,,,"artifact, carrier",,,,,,,,,,,"554 Artefact, 4 Jewelry",http://www.wikidata.org/entity/Q201664,,,
473,Ring,,,"artifact, carrier",,,,,,,,,,,"554 Artefact, 4 Jewelry",http://www.wikidata.org/entity/Q46847,,,
474,Ashtray,,,"artifact, carrier",,,,,,,,,,"39 Cigar, 43 Cigarette",554 Artefact,http://www.wikidata.org/entity/Q214488,,,
475,Warfare,,,,,,,,,,,,,,,,,,
476,Wood,,,smell-source,,,,,,,,,,,"560 Flora, 200 Tree",http://www.wikidata.org/entity/Q287,,,
477,Reptile/Amphibia,,,smell-source,,,,,,,,,,,"555 Being, 459 Vertebrate",,,,
478,Reptile,,,smell-source,,,,,,,,,,,"555 Being, 459 Vertebrate, 477 Reptile/Amphibia",http://www.wikidata.org/entity/Q10811,,,
479,Amphibia,,,smell-source,,,,,,,,,,,"555 Being, 459 Vertebrate, 477 Reptile/Amphibia",http://www.wikidata.org/entity/Q10908,,,
480,Mammal,,,,,,,,,,,,,,"555 Being, 459 Vertebrate",http://www.wikidata.org/entity/Q7377,,,
481,Smoking equipment,,,"artifact, carrier",,,,,,,,,,227 Tobacco,554 Artefact,http://www.wikidata.org/entity/Q11419301,,,
482,Dahlia,,,,,,,,,,,,,,"560 Flora, 72 Flower",http://www.wikidata.org/entity/Q130918,,,
483,Orange,,,,,,,,,,,,,,"405 Food, 75 Fruit",http://www.wikidata.org/entity/Q39338,,,
484,Blackberry,,,,,,,,,,,,,,"405 Food, 75 Fruit",http://www.wikidata.org/entity/Q161040,,,
485,Radish,,,,,,,,,,,,,,"405 Food, 403 Vegetable",http://www.wikidata.org/entity/Q33669098,,,
486,Matthiola,,,,,,,,,,,,,,"560 Flora, 72 Flower",http://www.wikidata.org/entity/Q27961,,,
487,Forget-me-not,,,,,,,,,,,,,,"560 Flora, 72 Flower",http://www.wikidata.org/entity/Q147149,,,
488,Snail,,,,,,,,,,,,,,"555 Being, 464 Invertebrate",http://www.wikidata.org/entity/Q308841,,,
489,Crab,,,,,,,,,,,,,,"555 Being, 343 Crustacean",http://www.wikidata.org/entity/Q40802,,,
490,Ant,,,,,,,,,,,,,,"555 Being, 471 Insect",http://www.wikidata.org/entity/Q7386,,,
491,Dragonfly,,,,,,,,,,,,,,"555 Being, 471 Insect",http://www.wikidata.org/entity/Q80066,,,
492,Necklace,,,"artifact, carrier",,,,,,,,,,,"554 Artefact, 4 Jewelry",http://www.wikidata.org/entity/Q189299,,,
493,Earring,,,"artifact, carrier",,,,,,,,,,,"554 Artefact, 4 Jewelry",http://www.wikidata.org/entity/Q168456,,,
494,Cauliflower,,,,,,,,,,,,,,"405 Food, 403 Vegetable",http://www.wikidata.org/entity/Q7537,,,
495,Avocado,,,,,,,,,,,,,,"405 Food, 403 Vegetable",http://www.wikidata.org/entity/Q37153,,,
496,Milk Jug,,,"artifact, carrier",,,,,,,,,,338 Milk,"554 Artefact, 448 Vessel, 452 Jug",http://www.wikidata.org/entity/Q55630103,,,
497,Delphinium,,,,,,,,,,,,,,"560 Flora, 72 Flower",http://www.wikidata.org/entity/Q160107,,,
498,Pomegranate,,,,,,,,,,,,,,"405 Food, 75 Fruit",http://www.wikidata.org/entity/Q13188,,,
499,Monkey,,,,,,,,,,,,,,"555 Being, 480 Mammal",http://www.wikidata.org/entity/Q1367,,,
500,Rat,,,,,,,,,,,,,,"555 Being, 480 Mammal",http://www.wikidata.org/entity/Q184224,,,
501,Rabbit,,,,,,,,,,,,,,"555 Being, 480 Mammal",http://www.wikidata.org/entity/Q9394,,,
502,Lion,,,,,,,,,,,,,,"555 Being, 480 Mammal",http://www.wikidata.org/entity/Q140,,,
503,Deer,,,,,,,,,,,,,,"555 Being, 480 Mammal",http://www.wikidata.org/entity/Q23390,,,
504,Grasshopper,,,,,,,,,,,,,,"555 Being, 471 Insect",http://www.wikidata.org/entity/Q18398431,,,
505,Match,,,artifact,,,,,,,,,,,"554 Artefact, 281 Smoking Equipment",,,,
506,Lizard,,,,,,,,,,,,,,"555 Being, 478 Reptile",http://www.wikidata.org/entity/Q15629245,,,
507,Salad,,,,,,,,,,,,,,"405 Food, 403 Vegetable",http://www.wikidata.org/entity/Q9266,,,
508,Camel,,,,,,,,,,,,,,"555 Being, 480 Mammal",http://www.wikidata.org/entity/Q7375,,,
509,Mouse,,,,,,,,,,,,,,"555 Being, 480 Mammal",http://www.wikidata.org/entity/Q83310,,,
510,Guinea pig,,,,,,,,,,,,,,"555 Being, 480 Mammal",http://www.wikidata.org/entity/Q79803,,,
511,Apricot,,,,,,,,,,,,,,"405 Food, 75 Fruit",http://www.wikidata.org/entity/Q37453,,,
512,Tiger,,,,,,,,,,,,,,"555 Being, 480 Mammal",http://www.wikidata.org/entity/Q19939,,,
513,Wolf,,,,,,,,,,,,,,"555 Being, 480 Mammal",http://www.wikidata.org/entity/Q18498,,,
514,Bear,,,,,,,,,,,,,,"555 Being, 480 Mammal",http://www.wikidata.org/entity/Q30090244,,,
515,Leopard,,,,,,,,,,,,,,"555 Being, 480 Mammal",http://www.wikidata.org/entity/Q34706,,,
516,Snake,,,,,,,,,,,,,,"555 Being, 478 Reptile",http://www.wikidata.org/entity/Q2102,,,
517,Amulet,,,artifact,,,,,,,,,,,"554 Artefact, 4 Jewelry",http://www.wikidata.org/entity/Q131557,,,
518,Cocoon,,,,,,,,,,,,,,"555 Being, 471 Insect",http://www.wikidata.org/entity/Q747071,,,
519,Rope tobacco,,,artifact,,,,,,,,,,227 Tobacco,"554 Artefact, 281 Smoking Equipment",,,,
520,Nut,,,,,,,,,,,,,,"405 Food, 75 Fruit",http://www.wikidata.org/entity/Q11009,,,
521,Chestnut,,,,,,,,,,,,,,"405 Food, 520 Nut",http://www.wikidata.org/entity/Q1406070,,,
522,Barrel,,,"artifact, carrier",,,,,,,,,,,"554 Artefact, 448 Vessel",http://www.wikidata.org/entity/Q10289,,,
523,Physalis,,,,,,,,,,,,,,"560 Flora, 75 Fruit",http://www.wikidata.org/entity/Q158663,,,
524,Frog,,,,,,,,,,,,,,"555 Being, 479 Amphibia",http://www.wikidata.org/entity/Q53636,,,
525,Moth,,,,,,,,,,,,,,"555 Being, 471 Insect",http://www.wikidata.org/entity/Q1725788,,,
526,Spider,,,,,,,,,,,,,,"555 Being, 464 Invertebrate",http://www.wikidata.org/entity/Q1357,,,
527,Gooseberry,,,,,,,,,,,,,,"560 Flora, 75 Fruit",http://www.wikidata.org/entity/Q41503,,,
528,Quince,,,,,,,,,,,,,,"560 Flora, 75 Fruit",http://www.wikidata.org/entity/Q43300,,,
529,Rosehip,,,,,,,,,,,,,,"560 Flora, 72 Flower",http://www.wikidata.org/entity/Q46740,,,
530,Snuff,,,,,,,,,,,,,,"560 Flora, 227 Tobacco",http://www.wikidata.org/entity/Q212894,,,
531,Leaf,,,,,,,,,,,,,200 Tree,"560 Flora, 78 Plant",http://www.wikidata.org/entity/Q33971,,,
532,Cigar butt,Butt,,,,,,,,,,,,,"560 Flora, 39 Cigar",,,,
533,Body,,,,,,,,,,,,,539 Person,,http://www.wikidata.org/entity/Q170494,,,
534,Drink,Flesh,,,,,,,,,,,,,405 Food ,http://www.wikidata.org/entity/Q40050,,,
535,Alcoholic drink,,,,,,,,,,,,,,"405 Food, 534 Drink",http://www.wikidata.org/entity/Q154,,,
536,Ointment,"Unguent, Salve, Oyntment",,,,,,,,,,,,,558 Fragrance,http://www.wikidata.org/entity/Q4004659,,,
537,Breath,,,,,,,,,,,,,,533 Body,http://www.wikidata.org/entity/Q13428325,,,
538,Steam,"Vapor, Water vapor",,smell-source,,,,,,,,,,,559 Nature,http://www.wikidata.org/entity/Q190120,,,
539,Person,Human,,smell-source,,,,,,,,,,,555 Being,http://www.wikidata.org/entity/Q5,,,
540,Man,Male,,smell-source,,,,,,,,,,,"555 Being, 539 Person",http://www.wikidata.org/entity/Q84048850,,,
541,Woman,Female,,smell-source,,,,,,,,,,,"555 Being, 539 Person",http://www.wikidata.org/entity/Q84048852,,,
542,Worm,,,,,,,,,,,,,,"555 Being, 464 Invertebrate",http://www.wikidata.org/entity/Q47253,,,
543,Algae,Seaweed,,smell-source,,,,,,,,,,,560 Flora,http://www.wikidata.org/entity/Q37868,,,
544,Cookie,Biscuit,,smell-source,,,,,,,,Pastry,,,405 Food,http://www.wikidata.org/entity/Q13266,,,
545,Mimosa,Acacia dealbata,,smell-source,,,,,,,,,,,"560 Flora, 72 Flower",http://www.wikidata.org/entity/Q160110,,,
546,Prayer nut,,,"artifact, carrier",,,,,,,,,,,"554 Artefact, 564 Religion",http://www.wikidata.org/entity/Q831477,,,
547,Ammonia soap,,,smell-source,,,,,,,,,,,"558 Fragrance, 554 Artefact",,,,
548,Incense ship,,,"artifact, carrier",,,,,,,,,,,554 Artefact,,,,
549,Tobacco grater,,,"smell-source, artifact",,,,,,,,,,,554 Artefact,,,,
550,Reseda,Reseda Odorata,,smell-source,,,,,,,,,,,560 Flora,,,,
551,Orange blossom,,,smell-source,,,,,,,,,,,560 Flora,http://www.wikidata.org/entity/Q3355040,,,
552,Heliotropium,,,smell-source,,,,,,,,,,,560 Flora,http://www.wikidata.org/entity/Q158082,,,
553,Spermaceti,cetaceum,,smell-source,,,,,,,,,,,"533 Body, 565 Bodily fluids",http://www.wikidata.org/entity/Q369682,,,
554,Artefact,Artifact,,,,,,,,,,,,,,http://www.wikidata.org/entity/Q3619132,,,
555,Being,Creature,,,,,,,,,,,,,,,,,
556,Animal product,,,,,,,,,,,,,,,,,,
557,Practice,,,,,,,,,,,,,,,http://www.wikidata.org/entity/Q451967,,,
558,Fragrance,,,,,,,,,,,,,,,,,,
559,Nature,,,,,,,,,,,,,,,,,,
560,Flora,,,,,,,,,,,,,,,,,,
561,Cloth,,,artifact,,,,,,,,,,,554 Artefact,,,,
562,Element,,,,,,,,,,,,,,,,,,
563,Abstract,,,,,,,,,,,,,,,,,,
564,Religion,,,,,,,,,,,,,,,,,,
565,Bodily fluid,,,,,,,,,,,,,,,http://www.wikidata.org/entity/Q1058795,,,
566,Beaver hat,,,,,,,,,,,,,,"85 Accessory, 554 Artefact",http://www.wikidata.org/entity/Q638199,,,
567,Ranunculus,,,,,,,,,,,,,,"560 Flora, 72 Flower",http://www.wikidata.org/entity/Q146130,,,
568,Chess flower,,,,,,,,,,,,,,"560 Flora, 72 Flower",http://www.wikidata.org/entity/Q157339,,,
569,Dandelion,,,,,,,,,,,,,,"560 Flora, 72 Flower",http://www.wikidata.org/entity/Q3091399,,,
570,Snowflake,"Snowbell, Dewdrop, St. Agnes' flower",,,,,,,,,,,,,"560 Flora, 72 Flower",http://www.wikidata.org/entity/Q157511,,,
571,Big cat,,,,,,,,,,,,,,"555 Being, 13 Animal, 480 Mammal",http://www.wikidata.org/entity/Q6667323,,,
572,Jan Steen jug,"Jan Steen kan, Jan Steen flagon, Jan Steen pitcher",,,,,,,,,,,,,"448 Vessel, 452 Jug",http://www.wikidata.org/entity/Q62920549,,,
573,Bellflower,,,,,,,,,,,,,,"560 Flora, 72 Flower",http://www.wikidata.org/entity/Q157069,,,
574,Pot,,,,,,,,,,,,,,448 Vessel,http://www.wikidata.org/entity/Q60310748,,,
575,Daisy,,,,,,,,,,,,,,"560 Flora, 72 Flower",http://www.wikidata.org/entity/Q26158,,,
576,Beer stein,Stein,,,,,,,,,,,,,448 Vessel,http://www.wikidata.org/entity/Q1412822,,,
577,,,,,,,,,,,,,,,,,,,
578,,,,,,,,,,,,,,,,,,,
579,,,,,,,,,,,,,,,,,,,
580,,,,,,,,,,,,,,,,,,,
581,,,,,,,,,,,,,,,,,,,
582,,,,,,,,,,,,,,,,,,,
583,,,,,,,,,,,,,,,,,,,
584,,,,,,,,,,,,,,,,,,,
585,,,,,,,,,,,,,,,,,,,
586,,,,,,,,,,,,,,,,,,,
587,,,,,,,,,,,,,,,,,,,
588,,,,,,,,,,,,,,,,,,,
589,,,,,,,,,,,,,,,,,,,
590,,,,,,,,,,,,,,,,,,,
591,,,,,,,,,,,,,,,,,,,
592,,,,,,,,,,,,,,,,,,,
593,,,,,,,,,,,,,,,,,,,
594,,,,,,,,,,,,,,,,,,,
595,,,,,,,,,,,,,,,,,,,
596,,,,,,,,,,,,,,,,,,,
597,,,,,,,,,,,,,,,,,,,
598,,,,,,,,,,,,,,,,,,,
599,,,,,,,,,,,,,,,,,,,
600,,,,,,,,,,,,,,,,,,,
601,,,,,,,,,,,,,,,,,,,
602,,,,,,,,,,,,,,,,,,,
603,,,,,,,,,,,,,,,,,,,
604,,,,,,,,,,,,,,,,,,,
605,,,,,,,,,,,,,,,,,,,
606,,,,,,,,,,,,,,,,,,,
607,,,,,,,,,,,,,,,,,,,
608,,,,,,,,,,,,,,,,,,,
609,,,,,,,,,,,,,,,,,,,
610,,,,,,,,,,,,,,,,,,,
611,,,,,,,,,,,,,,,,,,,
612,,,,,,,,,,,,,,,,,,,
613,,,,,,,,,,,,,,,,,,,
614,,,,,,,,,,,,,,,,,,,
615,,,,,,,,,,,,,,,,,,,
616,,,,,,,,,,,,,,,,,,,
617,,,,,,,,,,,,,,,,,,,
618,,,,,,,,,,,,,,,,,,,
619,,,,,,,,,,,,,,,,,,,
620,,,,,,,,,,,,,,,,,,,
621,,,,,,,,,,,,,,,,,,,
622,,,,,,,,,,,,,,,,,,,
623,,,,,,,,,,,,,,,,,,,
624,,,,,,,,,,,,,,,,,,,
625,,,,,,,,,,,,,,,,,,,
626,,,,,,,,,,,,,,,,,,,