first_schema;e1;e2;score
dhsv-sw;http://data.odeuropa.eu/vocabulary/dhsv-sw/floraal;http://data.odeuropa.eu/vocabulary/edwards/floral;0.8393064935402218
dhsv-sw;http://data.odeuropa.eu/vocabulary/dhsv-sw/water;http://data.odeuropa.eu/vocabulary/edwards/water;1.0
dravnieks-descriptors;http://data.odeuropa.eu/vocabulary/dravnieks/descriptors/25;http://data.odeuropa.eu/vocabulary/historic-book/almonds;0.8522085562555914
dravnieks-descriptors;http://data.odeuropa.eu/vocabulary/dravnieks/descriptors/49;http://data.odeuropa.eu/vocabulary/historic-book/caramel;1.0
dravnieks-descriptors;http://data.odeuropa.eu/vocabulary/dravnieks/descriptors/103;http://data.odeuropa.eu/vocabulary/historic-book/chemical;1.0
dravnieks-descriptors;http://data.odeuropa.eu/vocabulary/dravnieks/descriptors/45;http://data.odeuropa.eu/vocabulary/historic-book/chocolate;1.0
dravnieks-descriptors;http://data.odeuropa.eu/vocabulary/dravnieks/descriptors/127;http://data.odeuropa.eu/vocabulary/historic-book/fishy_rancid;0.798013929932495
dravnieks-descriptors;http://data.odeuropa.eu/vocabulary/dravnieks/descriptors/21;http://data.odeuropa.eu/vocabulary/historic-book/fragrant;1.0
dravnieks-descriptors;http://data.odeuropa.eu/vocabulary/dravnieks/descriptors/58;http://data.odeuropa.eu/vocabulary/historic-book/gasoline_like;0.9258059164209824
dravnieks-descriptors;http://data.odeuropa.eu/vocabulary/dravnieks/descriptors/93;http://data.odeuropa.eu/vocabulary/historic-book/incense;1.0
dravnieks-descriptors;http://data.odeuropa.eu/vocabulary/dravnieks/descriptors/102;http://data.odeuropa.eu/vocabulary/historic-book/medicinal;1.0
dravnieks-descriptors;http://data.odeuropa.eu/vocabulary/dravnieks/descriptors/41;http://data.odeuropa.eu/vocabulary/historic-book/mothballs;1.0
dravnieks-descriptors;http://data.odeuropa.eu/vocabulary/dravnieks/descriptors/82;http://data.odeuropa.eu/vocabulary/historic-book/musty;1.0
dravnieks-descriptors;http://data.odeuropa.eu/vocabulary/dravnieks/descriptors/33;http://data.odeuropa.eu/vocabulary/historic-book/old_seasoning;0.7304149409579046
dravnieks-descriptors;http://data.odeuropa.eu/vocabulary/dravnieks/descriptors/47;http://data.odeuropa.eu/vocabulary/historic-book/sweet;1.0
dravnieks-descriptors;http://data.odeuropa.eu/vocabulary/dravnieks/descriptors/28;http://data.odeuropa.eu/vocabulary/historic-book/sweet_spicy;0.8069632732802087
dravnieks-descriptors;http://data.odeuropa.eu/vocabulary/dravnieks/descriptors/46;http://data.odeuropa.eu/vocabulary/historic-book/vanilla;1.0
historic-book;http://data.odeuropa.eu/vocabulary/historic-book/green;http://data.odeuropa.eu/vocabulary/flavornet/odors/animal_green;1.0
historic-book;http://data.odeuropa.eu/vocabulary/historic-book/fishy_rancid;http://data.odeuropa.eu/vocabulary/flavornet/odors/animal_rancid;0.764426115654181
historic-book;http://data.odeuropa.eu/vocabulary/historic-book/smoke;http://data.odeuropa.eu/vocabulary/flavornet/odors/animal_smoke;1.0
historic-book;http://data.odeuropa.eu/vocabulary/historic-book/citrus;http://data.odeuropa.eu/vocabulary/flavornet/odors/aromatic_citrus;1.0
historic-book;http://data.odeuropa.eu/vocabulary/historic-book/gasoline_like;http://data.odeuropa.eu/vocabulary/flavornet/odors/aromatic_gasoline;0.943707278535887
historic-book;http://data.odeuropa.eu/vocabulary/historic-book/medicinal;http://data.odeuropa.eu/vocabulary/flavornet/odors/aromatic_medicine;0.7655620028484507
historic-book;http://data.odeuropa.eu/vocabulary/historic-book/sweet_pungent;http://data.odeuropa.eu/vocabulary/flavornet/odors/aromatic_pungent;0.7641889254314639
historic-book;http://data.odeuropa.eu/vocabulary/historic-book/sweet;http://data.odeuropa.eu/vocabulary/flavornet/odors/aromatic_sweet;1.0
historic-book;http://data.odeuropa.eu/vocabulary/historic-book/vanilla;http://data.odeuropa.eu/vocabulary/flavornet/odors/aromatic_vanilla;1.0
historic-book;http://data.odeuropa.eu/vocabulary/historic-book/fresh_fruit;http://data.odeuropa.eu/vocabulary/flavornet/odors/citrus_fresh;0.7553133671385609
historic-book;http://data.odeuropa.eu/vocabulary/historic-book/almonds;http://data.odeuropa.eu/vocabulary/flavornet/odors/edible_oil_almond;0.8492898589740041
historic-book;http://data.odeuropa.eu/vocabulary/historic-book/wood;http://data.odeuropa.eu/vocabulary/flavornet/odors/edible_oil_wood;1.0
historic-book;http://data.odeuropa.eu/vocabulary/historic-book/fish;http://data.odeuropa.eu/vocabulary/flavornet/odors/fishy_fish;1.0
historic-book;http://data.odeuropa.eu/vocabulary/historic-book/biscuits;http://data.odeuropa.eu/vocabulary/flavornet/odors/maillard_biscuit;0.8681286187421069
historic-book;http://data.odeuropa.eu/vocabulary/historic-book/caramel;http://data.odeuropa.eu/vocabulary/flavornet/odors/maillard_caramel;1.0
historic-book;http://data.odeuropa.eu/vocabulary/historic-book/chemical;http://data.odeuropa.eu/vocabulary/flavornet/odors/mineral_chemical;1.0
historic-book;http://data.odeuropa.eu/vocabulary/historic-book/mothballs;http://data.odeuropa.eu/vocabulary/flavornet/odors/mineral_mothball;0.8827810014242254
historic-book;http://data.odeuropa.eu/vocabulary/historic-book/sweet_spicy;http://data.odeuropa.eu/vocabulary/flavornet/odors/sweet_spices_spice;0.9163374584701036
edwards;http://data.odeuropa.eu/vocabulary/edwards/citrus;http://data.odeuropa.eu/vocabulary/historic-book/citrus;1.0
edwards;http://data.odeuropa.eu/vocabulary/edwards/fresh;http://data.odeuropa.eu/vocabulary/historic-book/fresh_fruit;0.7695537045913942
edwards;http://data.odeuropa.eu/vocabulary/edwards/green;http://data.odeuropa.eu/vocabulary/historic-book/green;1.0
edwards;http://data.odeuropa.eu/vocabulary/edwards/woods;http://data.odeuropa.eu/vocabulary/historic-book/wood;0.7680216863490332
flavornet-odors;http://data.odeuropa.eu/vocabulary/flavornet/odors/aromatic;http://data.odeuropa.eu/vocabulary/zwaardemaker/aromatic;1.0
edwards;http://data.odeuropa.eu/vocabulary/edwards/soft_floral;http://data.odeuropa.eu/vocabulary/historical-scent/floral;0.9999999999999997
edwards;http://data.odeuropa.eu/vocabulary/edwards/fresh;http://data.odeuropa.eu/vocabulary/historical-scent/fresh_green;0.7574238115139069
edwards;http://data.odeuropa.eu/vocabulary/edwards/fruity;http://data.odeuropa.eu/vocabulary/historical-scent/fruity;1.0
edwards;http://data.odeuropa.eu/vocabulary/edwards/woody_oriental;http://data.odeuropa.eu/vocabulary/historical-scent/woody;0.7678759646899546
historical-scent;http://data.odeuropa.eu/vocabulary/historical-scent/sulphurous__rotten__fecal_fecal;http://data.odeuropa.eu/vocabulary/flavornet/odors/animal_fecal;1.0
historical-scent;http://data.odeuropa.eu/vocabulary/historical-scent/body_odour_sweat;http://data.odeuropa.eu/vocabulary/flavornet/odors/animal_sweat;1.0
historical-scent;http://data.odeuropa.eu/vocabulary/historical-scent/fresh_green_camphor;http://data.odeuropa.eu/vocabulary/flavornet/odors/aromatic_camphor;1.0
historical-scent;http://data.odeuropa.eu/vocabulary/historical-scent/industrial_gasoline;http://data.odeuropa.eu/vocabulary/flavornet/odors/aromatic_gasoline;1.0
historical-scent;http://data.odeuropa.eu/vocabulary/historical-scent/herbal_mint;http://data.odeuropa.eu/vocabulary/flavornet/odors/aromatic_mint;1.0
historical-scent;http://data.odeuropa.eu/vocabulary/historical-scent/gourmand__food_nuts;http://data.odeuropa.eu/vocabulary/flavornet/odors/aromatic_nut;0.7498940554150944
historical-scent;http://data.odeuropa.eu/vocabulary/historical-scent/industrial_smoke;http://data.odeuropa.eu/vocabulary/flavornet/odors/aromatic_smoke;1.0
historical-scent;http://data.odeuropa.eu/vocabulary/historical-scent/sweet;http://data.odeuropa.eu/vocabulary/flavornet/odors/aromatic_sweet;1.0
historical-scent;http://data.odeuropa.eu/vocabulary/historical-scent/empyreumatic__smoky_vanilla;http://data.odeuropa.eu/vocabulary/flavornet/odors/aromatic_vanilla;1.0
historical-scent;http://data.odeuropa.eu/vocabulary/historical-scent/floral_violet;http://data.odeuropa.eu/vocabulary/flavornet/odors/aromatic_violet;1.0
historical-scent;http://data.odeuropa.eu/vocabulary/historical-scent/fruity_grapes;http://data.odeuropa.eu/vocabulary/flavornet/odors/berry_grape;0.8332626837334283
historical-scent;http://data.odeuropa.eu/vocabulary/historical-scent/herbal_lavender;http://data.odeuropa.eu/vocabulary/flavornet/odors/citrus_lavender;1.0
historical-scent;http://data.odeuropa.eu/vocabulary/historical-scent/fruity_lemon;http://data.odeuropa.eu/vocabulary/flavornet/odors/citrus_lemon;1.0
historical-scent;http://data.odeuropa.eu/vocabulary/historical-scent/industrial_oil;http://data.odeuropa.eu/vocabulary/flavornet/odors/citrus_oil;1.0
historical-scent;http://data.odeuropa.eu/vocabulary/historical-scent/fruity_orange;http://data.odeuropa.eu/vocabulary/flavornet/odors/citrus_orange;1.0
historical-scent;http://data.odeuropa.eu/vocabulary/historical-scent/gourmand__food_meat;http://data.odeuropa.eu/vocabulary/flavornet/odors/edible_oil_meat;1.0
historical-scent;http://data.odeuropa.eu/vocabulary/historical-scent/radical__root_orris_root;http://data.odeuropa.eu/vocabulary/flavornet/odors/edible_oil_orris;0.780621931285197
historical-scent;http://data.odeuropa.eu/vocabulary/historical-scent/gourmand__food_wine;http://data.odeuropa.eu/vocabulary/flavornet/odors/edible_oil_wine;1.0
historical-scent;http://data.odeuropa.eu/vocabulary/historical-scent/sour__acidic_fermented_blood;http://data.odeuropa.eu/vocabulary/flavornet/odors/fermented;0.7806583297569639
historical-scent;http://data.odeuropa.eu/vocabulary/historical-scent/metallic_metals;http://data.odeuropa.eu/vocabulary/flavornet/odors/fermented_metal;0.8332626837334284
historical-scent;http://data.odeuropa.eu/vocabulary/historical-scent/fishy;http://data.odeuropa.eu/vocabulary/flavornet/odors/fishy;1.0
historical-scent;http://data.odeuropa.eu/vocabulary/historical-scent/fishy_fish;http://data.odeuropa.eu/vocabulary/flavornet/odors/fishy_fish;1.0
historical-scent;http://data.odeuropa.eu/vocabulary/historical-scent/fruity_apple;http://data.odeuropa.eu/vocabulary/flavornet/odors/floral_apple;1.0
historical-scent;http://data.odeuropa.eu/vocabulary/historical-scent/floral_tulip;http://data.odeuropa.eu/vocabulary/flavornet/odors/floral_hyacinth;0.739920692827444
historical-scent;http://data.odeuropa.eu/vocabulary/historical-scent/floral_jasmin;http://data.odeuropa.eu/vocabulary/flavornet/odors/floral_jasmine;0.8930636622165571
historical-scent;http://data.odeuropa.eu/vocabulary/historical-scent/floral_madonna_lily;http://data.odeuropa.eu/vocabulary/flavornet/odors/floral_lily;0.7215259508623787
historical-scent;http://data.odeuropa.eu/vocabulary/historical-scent/floral_rose;http://data.odeuropa.eu/vocabulary/flavornet/odors/floral_rose;1.0
historical-scent;http://data.odeuropa.eu/vocabulary/historical-scent/empyreumatic__smoky_tobacco;http://data.odeuropa.eu/vocabulary/flavornet/odors/floral_tobacco;1.0
historical-scent;http://data.odeuropa.eu/vocabulary/historical-scent/fruity;http://data.odeuropa.eu/vocabulary/flavornet/odors/fruity_sweet;0.8467902509330676
historical-scent;http://data.odeuropa.eu/vocabulary/historical-scent/gourmand__food_bread;http://data.odeuropa.eu/vocabulary/flavornet/odors/grain_bread;1.0
historical-scent;http://data.odeuropa.eu/vocabulary/historical-scent/earthy__mineral_earth;http://data.odeuropa.eu/vocabulary/flavornet/odors/herbs_earth;1.0
historical-scent;http://data.odeuropa.eu/vocabulary/historical-scent/fresh_green_grass;http://data.odeuropa.eu/vocabulary/flavornet/odors/herbs_grass;1.0
historical-scent;http://data.odeuropa.eu/vocabulary/historical-scent/empyreumatic__smoky_tea;http://data.odeuropa.eu/vocabulary/flavornet/odors/herbs_green_tea;0.7972397505923174
historical-scent;http://data.odeuropa.eu/vocabulary/historical-scent/herbal_thyme;http://data.odeuropa.eu/vocabulary/flavornet/odors/herbs_thyme;1.0
historical-scent;http://data.odeuropa.eu/vocabulary/historical-scent/empyreumatic__smoky_coffee;http://data.odeuropa.eu/vocabulary/flavornet/odors/maillard_coffee;1.0
historical-scent;http://data.odeuropa.eu/vocabulary/historical-scent/mouldy_mildew;http://data.odeuropa.eu/vocabulary/flavornet/odors/maillard_mildew;1.0
historical-scent;http://data.odeuropa.eu/vocabulary/historical-scent/chemical;http://data.odeuropa.eu/vocabulary/flavornet/odors/mineral_chemical;1.0
historical-scent;http://data.odeuropa.eu/vocabulary/historical-scent/spicy_cloves;http://data.odeuropa.eu/vocabulary/flavornet/odors/seed_spices_clove;0.8332626837334283
historical-scent;http://data.odeuropa.eu/vocabulary/historical-scent/spicy_cinnamon;http://data.odeuropa.eu/vocabulary/flavornet/odors/sweet_spices_cinnamon;1.0
historical-scent;http://data.odeuropa.eu/vocabulary/historical-scent/spicy_nutmeg;http://data.odeuropa.eu/vocabulary/flavornet/odors/sweet_spices_nutmeg;1.0
historical-scent;http://data.odeuropa.eu/vocabulary/historical-scent/gourmand__food_vegetables;http://data.odeuropa.eu/vocabulary/flavornet/odors/vegetable;0.8999575983140762
historical-scent;http://data.odeuropa.eu/vocabulary/historical-scent/radical__root_carrot;http://data.odeuropa.eu/vocabulary/flavornet/odors/vegetable_carrot;1.0
historical-scent;http://data.odeuropa.eu/vocabulary/historical-scent/fruity_grapes;http://data.odeuropa.eu/vocabulary/dravnieks/descriptors/1;0.7498165574068132
historical-scent;http://data.odeuropa.eu/vocabulary/historical-scent/sour__acidic_acidic_acid;http://data.odeuropa.eu/vocabulary/dravnieks/descriptors/106;0.7597308553525228
historical-scent;http://data.odeuropa.eu/vocabulary/historical-scent/sour__acidic_ammonia;http://data.odeuropa.eu/vocabulary/dravnieks/descriptors/108;1.0
historical-scent;http://data.odeuropa.eu/vocabulary/historical-scent/fruity_banana;http://data.odeuropa.eu/vocabulary/dravnieks/descriptors/13;1.0
historical-scent;http://data.odeuropa.eu/vocabulary/historical-scent/sulphurous__rotten__fecal_fecal;http://data.odeuropa.eu/vocabulary/dravnieks/descriptors/138;1.0
historical-scent;http://data.odeuropa.eu/vocabulary/historical-scent/sweet_rose;http://data.odeuropa.eu/vocabulary/dravnieks/descriptors/15;1.0
historical-scent;http://data.odeuropa.eu/vocabulary/historical-scent/floral_violet;http://data.odeuropa.eu/vocabulary/dravnieks/descriptors/16;0.853101639128867
historical-scent;http://data.odeuropa.eu/vocabulary/historical-scent/herbal_lavender;http://data.odeuropa.eu/vocabulary/dravnieks/descriptors/17;1.0
historical-scent;http://data.odeuropa.eu/vocabulary/historical-scent/animalistic_musk;http://data.odeuropa.eu/vocabulary/dravnieks/descriptors/19;1.0
historical-scent;http://data.odeuropa.eu/vocabulary/historical-scent/fruity_lemon;http://data.odeuropa.eu/vocabulary/dravnieks/descriptors/2;1.0
historical-scent;http://data.odeuropa.eu/vocabulary/historical-scent/fruity_cherry;http://data.odeuropa.eu/vocabulary/dravnieks/descriptors/24;1.0
historical-scent;http://data.odeuropa.eu/vocabulary/historical-scent/spicy;http://data.odeuropa.eu/vocabulary/dravnieks/descriptors/28;1.0
historical-scent;http://data.odeuropa.eu/vocabulary/historical-scent/spicy_cloves;http://data.odeuropa.eu/vocabulary/dravnieks/descriptors/29;0.8286185483382901
historical-scent;http://data.odeuropa.eu/vocabulary/historical-scent/spicy_cinnamon;http://data.odeuropa.eu/vocabulary/dravnieks/descriptors/30;1.0
historical-scent;http://data.odeuropa.eu/vocabulary/historical-scent/fresh_green_laurel;http://data.odeuropa.eu/vocabulary/dravnieks/descriptors/31;0.7370940625583764
historical-scent;http://data.odeuropa.eu/vocabulary/historical-scent/empyreumatic__smoky_tea;http://data.odeuropa.eu/vocabulary/dravnieks/descriptors/32;0.7471908042786453
historical-scent;http://data.odeuropa.eu/vocabulary/historical-scent/fruity_orange;http://data.odeuropa.eu/vocabulary/dravnieks/descriptors/4;1.0
historical-scent;http://data.odeuropa.eu/vocabulary/historical-scent/fresh_green_camphor;http://data.odeuropa.eu/vocabulary/dravnieks/descriptors/43;1.0
historical-scent;http://data.odeuropa.eu/vocabulary/historical-scent/empyreumatic__smoky_vanilla;http://data.odeuropa.eu/vocabulary/dravnieks/descriptors/46;1.0
historical-scent;http://data.odeuropa.eu/vocabulary/historical-scent/sweet_frankincense;http://data.odeuropa.eu/vocabulary/dravnieks/descriptors/47;0.7268572187110729
historical-scent;http://data.odeuropa.eu/vocabulary/historical-scent/industrial_gasoline;http://data.odeuropa.eu/vocabulary/dravnieks/descriptors/58;1.0
historical-scent;http://data.odeuropa.eu/vocabulary/historical-scent/fresh_green;http://data.odeuropa.eu/vocabulary/dravnieks/descriptors/62;0.8353110223428688
historical-scent;http://data.odeuropa.eu/vocabulary/historical-scent/sulphurous__rotten__fecal_sour_buttermilk;http://data.odeuropa.eu/vocabulary/dravnieks/descriptors/71;0.8460518023191623
historical-scent;http://data.odeuropa.eu/vocabulary/historical-scent/fruity_apple;http://data.odeuropa.eu/vocabulary/dravnieks/descriptors/9;1.0
historical-scent;http://data.odeuropa.eu/vocabulary/historical-scent/empyreumatic__smoky_coffee;http://data.odeuropa.eu/vocabulary/dravnieks/descriptors/94;1.0
historical-scent;http://data.odeuropa.eu/vocabulary/historical-scent/gourmand__food_milk;http://data.odeuropa.eu/vocabulary/dravnieks/descriptors/97;0.7432809884482854
drom;http://data.odeuropa.eu/vocabulary/drom/castoreum_absolute;http://data.odeuropa.eu/vocabulary/historical-scent/animalistic_castoreum;0.8262996646372671
drom;http://data.odeuropa.eu/vocabulary/drom/patchouly_oil;http://data.odeuropa.eu/vocabulary/historical-scent/earthy__mineral_patchouli;0.79774708877456
drom;http://data.odeuropa.eu/vocabulary/drom/tobacco;http://data.odeuropa.eu/vocabulary/historical-scent/empyreumatic__smoky_tobacco;1.0
drom;http://data.odeuropa.eu/vocabulary/drom/vanilla_absolute;http://data.odeuropa.eu/vocabulary/historical-scent/empyreumatic__smoky_vanilla;0.8166522338417629
drom;http://data.odeuropa.eu/vocabulary/drom/floral;http://data.odeuropa.eu/vocabulary/historical-scent/floral;1.0
drom;http://data.odeuropa.eu/vocabulary/drom/jasmin_absolute;http://data.odeuropa.eu/vocabulary/historical-scent/floral_jasmin;0.8262996646372671
drom;http://data.odeuropa.eu/vocabulary/drom/rose_oil;http://data.odeuropa.eu/vocabulary/historical-scent/floral_rose;0.8561415983895635
drom;http://data.odeuropa.eu/vocabulary/drom/galbanum_oil;http://data.odeuropa.eu/vocabulary/historical-scent/fresh_green_galbanum;0.8939757110520276
drom;http://data.odeuropa.eu/vocabulary/drom/rosemary_oil;http://data.odeuropa.eu/vocabulary/historical-scent/fresh_green_rosemary;0.8831024247637826
drom;http://data.odeuropa.eu/vocabulary/drom/fruity;http://data.odeuropa.eu/vocabulary/historical-scent/fruity;1.0
drom;http://data.odeuropa.eu/vocabulary/drom/lemon_oil;http://data.odeuropa.eu/vocabulary/historical-scent/fruity_lemon;0.8980920986567398
drom;http://data.odeuropa.eu/vocabulary/drom/orange_oil;http://data.odeuropa.eu/vocabulary/historical-scent/fruity_orange;0.88291328933276
drom;http://data.odeuropa.eu/vocabulary/drom/lavender;http://data.odeuropa.eu/vocabulary/historical-scent/herbal_lavender;1.0
drom;http://data.odeuropa.eu/vocabulary/drom/labdanum_absolute;http://data.odeuropa.eu/vocabulary/historical-scent/resinous_labdanum;0.8262996646109605
drom;http://data.odeuropa.eu/vocabulary/drom/spicy;http://data.odeuropa.eu/vocabulary/historical-scent/spicy;1.0
drom;http://data.odeuropa.eu/vocabulary/drom/cinnamon_oil;http://data.odeuropa.eu/vocabulary/historical-scent/spicy_cinnamon;0.8962726901668743
drom;http://data.odeuropa.eu/vocabulary/drom/nutmeg_oil;http://data.odeuropa.eu/vocabulary/historical-scent/spicy_nutmeg;0.889459502018782
drom;http://data.odeuropa.eu/vocabulary/drom/woody;http://data.odeuropa.eu/vocabulary/historical-scent/woody;1.0
drom;http://data.odeuropa.eu/vocabulary/drom/sandalwood_oil;http://data.odeuropa.eu/vocabulary/historical-scent/woody_sandalwood;0.8962726901668743
flavornet-odors;http://data.odeuropa.eu/vocabulary/flavornet/odors/processed_meat_sweat;http://data.odeuropa.eu/vocabulary/historical-scent/body_odour_sweat;1.0
flavornet-odors;http://data.odeuropa.eu/vocabulary/flavornet/odors/mineral_chemical;http://data.odeuropa.eu/vocabulary/historical-scent/chemical;1.0
flavornet-odors;http://data.odeuropa.eu/vocabulary/flavornet/odors/herbs_earth;http://data.odeuropa.eu/vocabulary/historical-scent/earthy__mineral_earth;1.0
flavornet-odors;http://data.odeuropa.eu/vocabulary/flavornet/odors/maillard_coffee;http://data.odeuropa.eu/vocabulary/historical-scent/empyreumatic__smoky_coffee;1.0
flavornet-odors;http://data.odeuropa.eu/vocabulary/flavornet/odors/herbs_green_tea;http://data.odeuropa.eu/vocabulary/historical-scent/empyreumatic__smoky_tea;0.7972397505923174
flavornet-odors;http://data.odeuropa.eu/vocabulary/flavornet/odors/floral_tobacco;http://data.odeuropa.eu/vocabulary/historical-scent/empyreumatic__smoky_tobacco;1.0
flavornet-odors;http://data.odeuropa.eu/vocabulary/flavornet/odors/aromatic_vanilla;http://data.odeuropa.eu/vocabulary/historical-scent/empyreumatic__smoky_vanilla;1.0
flavornet-odors;http://data.odeuropa.eu/vocabulary/flavornet/odors/floral_jasmine;http://data.odeuropa.eu/vocabulary/historical-scent/floral_jasmin;0.8930636622165572
flavornet-odors;http://data.odeuropa.eu/vocabulary/flavornet/odors/herbs_rose;http://data.odeuropa.eu/vocabulary/historical-scent/floral_rose;1.0
flavornet-odors;http://data.odeuropa.eu/vocabulary/flavornet/odors/floral_hyacinth;http://data.odeuropa.eu/vocabulary/historical-scent/floral_tulip;0.7399206928274439
flavornet-odors;http://data.odeuropa.eu/vocabulary/flavornet/odors/aromatic_violet;http://data.odeuropa.eu/vocabulary/historical-scent/floral_violet;1.0
flavornet-odors;http://data.odeuropa.eu/vocabulary/flavornet/odors/mineral_camphor;http://data.odeuropa.eu/vocabulary/historical-scent/fresh_green_camphor;1.0
flavornet-odors;http://data.odeuropa.eu/vocabulary/flavornet/odors/herbs_grass;http://data.odeuropa.eu/vocabulary/historical-scent/fresh_green_grass;1.0
flavornet-odors;http://data.odeuropa.eu/vocabulary/flavornet/odors/fruity_rubber;http://data.odeuropa.eu/vocabulary/historical-scent/fruity;0.7226258517184445
flavornet-odors;http://data.odeuropa.eu/vocabulary/flavornet/odors/floral_apple;http://data.odeuropa.eu/vocabulary/historical-scent/fruity_apple;1.0
flavornet-odors;http://data.odeuropa.eu/vocabulary/flavornet/odors/pome_banana;http://data.odeuropa.eu/vocabulary/historical-scent/fruity_banana;1.0
flavornet-odors;http://data.odeuropa.eu/vocabulary/flavornet/odors/berry_grape;http://data.odeuropa.eu/vocabulary/historical-scent/fruity_grapes;0.8332626837334283
flavornet-odors;http://data.odeuropa.eu/vocabulary/flavornet/odors/citrus_lemon;http://data.odeuropa.eu/vocabulary/historical-scent/fruity_lemon;1.0
flavornet-odors;http://data.odeuropa.eu/vocabulary/flavornet/odors/grain_bread;http://data.odeuropa.eu/vocabulary/historical-scent/gourmand__food_bread;1.0
flavornet-odors;http://data.odeuropa.eu/vocabulary/flavornet/odors/fermented_wine;http://data.odeuropa.eu/vocabulary/historical-scent/gourmand__food_wine;1.0
flavornet-odors;http://data.odeuropa.eu/vocabulary/flavornet/odors/floral_lavender;http://data.odeuropa.eu/vocabulary/historical-scent/herbal_lavender;1.0
flavornet-odors;http://data.odeuropa.eu/vocabulary/flavornet/odors/edible_oil_mint;http://data.odeuropa.eu/vocabulary/historical-scent/herbal_mint;1.0
flavornet-odors;http://data.odeuropa.eu/vocabulary/flavornet/odors/herbs_thyme;http://data.odeuropa.eu/vocabulary/historical-scent/herbal_thyme;1.0
flavornet-odors;http://data.odeuropa.eu/vocabulary/flavornet/odors/mineral_gasoline;http://data.odeuropa.eu/vocabulary/historical-scent/industrial_gasoline;1.0
flavornet-odors;http://data.odeuropa.eu/vocabulary/flavornet/odors/edible_oil_oil;http://data.odeuropa.eu/vocabulary/historical-scent/industrial_oil;1.0
flavornet-odors;http://data.odeuropa.eu/vocabulary/flavornet/odors/animal_smoke;http://data.odeuropa.eu/vocabulary/historical-scent/industrial_smoke;1.0
flavornet-odors;http://data.odeuropa.eu/vocabulary/flavornet/odors/mineral_metal;http://data.odeuropa.eu/vocabulary/historical-scent/metallic_metals;0.8332626837334284
flavornet-odors;http://data.odeuropa.eu/vocabulary/flavornet/odors/maillard_mildew;http://data.odeuropa.eu/vocabulary/historical-scent/mouldy_mildew;1.0
flavornet-odors;http://data.odeuropa.eu/vocabulary/flavornet/odors/vegetable_carrot;http://data.odeuropa.eu/vocabulary/historical-scent/radical__root_carrot;1.0
flavornet-odors;http://data.odeuropa.eu/vocabulary/flavornet/odors/vegetable_orris;http://data.odeuropa.eu/vocabulary/historical-scent/radical__root_orris_root;0.780621931285197
flavornet-odors;http://data.odeuropa.eu/vocabulary/flavornet/odors/sweet_spices_cinnamon;http://data.odeuropa.eu/vocabulary/historical-scent/spicy_cinnamon;1.0
flavornet-odors;http://data.odeuropa.eu/vocabulary/flavornet/odors/seed_spices_clove;http://data.odeuropa.eu/vocabulary/historical-scent/spicy_cloves;0.8332626837334283
flavornet-odors;http://data.odeuropa.eu/vocabulary/flavornet/odors/sweet_spices_nutmeg;http://data.odeuropa.eu/vocabulary/historical-scent/spicy_nutmeg;1.0
flavornet-odors;http://data.odeuropa.eu/vocabulary/flavornet/odors/fecal;http://data.odeuropa.eu/vocabulary/historical-scent/sulphurous__rotten__fecal_fecal;1.0
flavornet-odors;http://data.odeuropa.eu/vocabulary/flavornet/odors/herbs_sweet;http://data.odeuropa.eu/vocabulary/historical-scent/sweet;1.0
edwards;http://data.odeuropa.eu/vocabulary/edwards/citrus;http://data.odeuropa.eu/vocabulary/drom/citrus;0.9999999999999998
edwards;http://data.odeuropa.eu/vocabulary/edwards/soft_floral;http://data.odeuropa.eu/vocabulary/drom/floral;0.9999999999999996
edwards;http://data.odeuropa.eu/vocabulary/edwards/fruity;http://data.odeuropa.eu/vocabulary/drom/fruity;0.9999999999999998
edwards;http://data.odeuropa.eu/vocabulary/edwards/green;http://data.odeuropa.eu/vocabulary/drom/green;0.9999999999999998
edwards;http://data.odeuropa.eu/vocabulary/edwards/woody;http://data.odeuropa.eu/vocabulary/drom/woody;0.9999999999999998
historic-book;http://data.odeuropa.eu/vocabulary/historic-book/citrus;http://data.odeuropa.eu/vocabulary/drom/citrus;1.0
historic-book;http://data.odeuropa.eu/vocabulary/historic-book/green;http://data.odeuropa.eu/vocabulary/drom/green;1.0
historic-book;http://data.odeuropa.eu/vocabulary/historic-book/vanilla;http://data.odeuropa.eu/vocabulary/drom/vanilla_absolute;0.7074572043116136
dhsv-sw;http://data.odeuropa.eu/vocabulary/dhsv-sw/bergamot;http://data.odeuropa.eu/vocabulary/drom/bergamot_oil;0.8434558550786918
dhsv-sw;http://data.odeuropa.eu/vocabulary/dhsv-sw/floraal;http://data.odeuropa.eu/vocabulary/drom/floral;0.7630521628192929
dhsv-sw;http://data.odeuropa.eu/vocabulary/dhsv-sw/civets;http://data.odeuropa.eu/vocabulary/historical-scent/animalistic_civet;0.8304581135692028
dhsv-sw;http://data.odeuropa.eu/vocabulary/dhsv-sw/snuffen;http://data.odeuropa.eu/vocabulary/historical-scent/empyreumatic__smoky_snuff;0.7093568180896874
dhsv-sw;http://data.odeuropa.eu/vocabulary/dhsv-sw/floraal;http://data.odeuropa.eu/vocabulary/historical-scent/floral;0.8546784090448438
dhsv-sw;http://data.odeuropa.eu/vocabulary/dhsv-sw/ozon;http://data.odeuropa.eu/vocabulary/historical-scent/ozonic__aquatic_ozone;0.7965497726627812
dhsv-sw;http://data.odeuropa.eu/vocabulary/dhsv-sw/ammonia;http://data.odeuropa.eu/vocabulary/historical-scent/sour__acidic_ammonia;1.0
dhsv-sw;http://data.odeuropa.eu/vocabulary/dhsv-sw/miasma;http://data.odeuropa.eu/vocabulary/historical-scent/sulphurous__rotten__fecal_miasma;1.0
historic-book;http://data.odeuropa.eu/vocabulary/historic-book/body_odour;http://data.odeuropa.eu/vocabulary/historical-scent/body_odour;1.0
historic-book;http://data.odeuropa.eu/vocabulary/historic-book/chemical;http://data.odeuropa.eu/vocabulary/historical-scent/chemical;1.0
historic-book;http://data.odeuropa.eu/vocabulary/historic-book/earthly;http://data.odeuropa.eu/vocabulary/historical-scent/earthy__mineral_earth;0.7094795685564114
historic-book;http://data.odeuropa.eu/vocabulary/historic-book/burning;http://data.odeuropa.eu/vocabulary/historical-scent/empyreumatic__smoky_animal_burning;0.8284635786548653
historic-book;http://data.odeuropa.eu/vocabulary/historic-book/ash;http://data.odeuropa.eu/vocabulary/historical-scent/empyreumatic__smoky_ash;1.0
historic-book;http://data.odeuropa.eu/vocabulary/historic-book/vanilla;http://data.odeuropa.eu/vocabulary/historical-scent/empyreumatic__smoky_vanilla;1.0
historic-book;http://data.odeuropa.eu/vocabulary/historic-book/fish;http://data.odeuropa.eu/vocabulary/historical-scent/fishy_fish;1.0
historic-book;http://data.odeuropa.eu/vocabulary/historic-book/industrial;http://data.odeuropa.eu/vocabulary/historical-scent/industrial;1.0
historic-book;http://data.odeuropa.eu/vocabulary/historic-book/coal;http://data.odeuropa.eu/vocabulary/historical-scent/industrial_coal;1.0
historic-book;http://data.odeuropa.eu/vocabulary/historic-book/gasoline_like;http://data.odeuropa.eu/vocabulary/historical-scent/industrial_gasoline;0.9365341931766162
historic-book;http://data.odeuropa.eu/vocabulary/historic-book/vinegar;http://data.odeuropa.eu/vocabulary/historical-scent/sour__acidic_vinegar;1.0
historic-book;http://data.odeuropa.eu/vocabulary/historic-book/sweet_spicy;http://data.odeuropa.eu/vocabulary/historical-scent/spicy;0.7840133282728625
historic-book;http://data.odeuropa.eu/vocabulary/historic-book/sweet;http://data.odeuropa.eu/vocabulary/historical-scent/sweet;1.0
dravnieks-descriptors;http://data.odeuropa.eu/vocabulary/dravnieks/descriptors/22;http://data.odeuropa.eu/vocabulary/edwards/aromatic;1.0
dravnieks-descriptors;http://data.odeuropa.eu/vocabulary/dravnieks/descriptors/141;http://data.odeuropa.eu/vocabulary/edwards/dry_woods;0.7489943809106451
dravnieks-descriptors;http://data.odeuropa.eu/vocabulary/dravnieks/descriptors/14;http://data.odeuropa.eu/vocabulary/edwards/floral;1.0
dravnieks-descriptors;http://data.odeuropa.eu/vocabulary/dravnieks/descriptors/39;http://data.odeuropa.eu/vocabulary/edwards/woody;1.0
zwaardemaker;http://data.odeuropa.eu/vocabulary/zwaardemaker/fragrant;http://data.odeuropa.eu/vocabulary/historic-book/fragrant;1.0
drom;http://data.odeuropa.eu/vocabulary/drom/black_currant_absolute;http://data.odeuropa.eu/vocabulary/flavornet/odors/animal_black_currant;0.8757216088812372
drom;http://data.odeuropa.eu/vocabulary/drom/green;http://data.odeuropa.eu/vocabulary/flavornet/odors/animal_green;1.0
drom;http://data.odeuropa.eu/vocabulary/drom/citrus;http://data.odeuropa.eu/vocabulary/flavornet/odors/aromatic_citrus;1.0
drom;http://data.odeuropa.eu/vocabulary/drom/vanilla_absolute;http://data.odeuropa.eu/vocabulary/flavornet/odors/aromatic_vanilla;0.7936436788450061
drom;http://data.odeuropa.eu/vocabulary/drom/coriander_oil;http://data.odeuropa.eu/vocabulary/flavornet/odors/citrus_coriander;0.8959367907332515
drom;http://data.odeuropa.eu/vocabulary/drom/lavender;http://data.odeuropa.eu/vocabulary/flavornet/odors/citrus_lavender;1.0
drom;http://data.odeuropa.eu/vocabulary/drom/lemon_oil;http://data.odeuropa.eu/vocabulary/flavornet/odors/citrus_lemon;0.8843728875008097
drom;http://data.odeuropa.eu/vocabulary/drom/mandarin_oil;http://data.odeuropa.eu/vocabulary/flavornet/odors/citrus_mandarin;0.8851873695016921
drom;http://data.odeuropa.eu/vocabulary/drom/orange_oil;http://data.odeuropa.eu/vocabulary/flavornet/odors/citrus_orange;0.8734073045925542
drom;http://data.odeuropa.eu/vocabulary/drom/orris_absolute;http://data.odeuropa.eu/vocabulary/flavornet/odors/edible_oil_orris;0.8126650410109375
drom;http://data.odeuropa.eu/vocabulary/drom/floral;http://data.odeuropa.eu/vocabulary/flavornet/odors/floral;1.0
drom;http://data.odeuropa.eu/vocabulary/drom/geranium_oil;http://data.odeuropa.eu/vocabulary/flavornet/odors/floral_geranium;0.8636488915136415
drom;http://data.odeuropa.eu/vocabulary/drom/lavender_oil;http://data.odeuropa.eu/vocabulary/flavornet/odors/floral_lavender;0.863425801961859
drom;http://data.odeuropa.eu/vocabulary/drom/rose_oil;http://data.odeuropa.eu/vocabulary/flavornet/odors/floral_rose;0.8428925142839733
drom;http://data.odeuropa.eu/vocabulary/drom/tobacco;http://data.odeuropa.eu/vocabulary/flavornet/odors/floral_tobacco;1.0
drom;http://data.odeuropa.eu/vocabulary/drom/fruity;http://data.odeuropa.eu/vocabulary/flavornet/odors/fruity;1.0
drom;http://data.odeuropa.eu/vocabulary/drom/basil_oil;http://data.odeuropa.eu/vocabulary/flavornet/odors/seed_spices_basil;0.8908260463724702
drom;http://data.odeuropa.eu/vocabulary/drom/nutmeg_oil;http://data.odeuropa.eu/vocabulary/flavornet/odors/sweet_spices_nutmeg;0.8890722204255523
drom;http://data.odeuropa.eu/vocabulary/drom/grapefruit_oil;http://data.odeuropa.eu/vocabulary/flavornet/odors/tropical_grapefruit;0.8959367907332515
flavornet-odors;http://data.odeuropa.eu/vocabulary/flavornet/odors/aromatic_pine;http://data.odeuropa.eu/vocabulary/edwards/aromatic;0.7258661955012564
flavornet-odors;http://data.odeuropa.eu/vocabulary/flavornet/odors/stone_fresh;http://data.odeuropa.eu/vocabulary/edwards/fresh;1.0
flavornet-odors;http://data.odeuropa.eu/vocabulary/flavornet/odors/fruity_rubber;http://data.odeuropa.eu/vocabulary/edwards/fruity;0.7470803034170385
flavornet-odors;http://data.odeuropa.eu/vocabulary/flavornet/odors/herbs_green;http://data.odeuropa.eu/vocabulary/edwards/green;1.0
flavornet-odors;http://data.odeuropa.eu/vocabulary/flavornet/odors/floral_wood;http://data.odeuropa.eu/vocabulary/edwards/woods;0.7921624953744713
edwards;http://data.odeuropa.eu/vocabulary/edwards/green;http://data.odeuropa.eu/vocabulary/flavornet/odors/animal_green;1.0
edwards;http://data.odeuropa.eu/vocabulary/edwards/aromatic;http://data.odeuropa.eu/vocabulary/flavornet/odors/aromatic;1.0
edwards;http://data.odeuropa.eu/vocabulary/edwards/citrus;http://data.odeuropa.eu/vocabulary/flavornet/odors/aromatic_citrus;1.0
edwards;http://data.odeuropa.eu/vocabulary/edwards/woods;http://data.odeuropa.eu/vocabulary/flavornet/odors/aromatic_wood;0.7921624953744713
edwards;http://data.odeuropa.eu/vocabulary/edwards/fresh;http://data.odeuropa.eu/vocabulary/flavornet/odors/citrus_fresh;1.0
edwards;http://data.odeuropa.eu/vocabulary/edwards/soft_floral;http://data.odeuropa.eu/vocabulary/flavornet/odors/floral;0.9999999999999998
edwards;http://data.odeuropa.eu/vocabulary/edwards/fruity;http://data.odeuropa.eu/vocabulary/flavornet/odors/fruity;1.0
zwaardemaker;http://data.odeuropa.eu/vocabulary/zwaardemaker/fragrant;http://data.odeuropa.eu/vocabulary/dravnieks/descriptors/21;1.0
zwaardemaker;http://data.odeuropa.eu/vocabulary/zwaardemaker/aromatic;http://data.odeuropa.eu/vocabulary/dravnieks/descriptors/22;1.0
drom;http://data.odeuropa.eu/vocabulary/drom/bergamot_oil;http://data.odeuropa.eu/vocabulary/dhsv-sw/bergamot;0.8434558550786918
drom;http://data.odeuropa.eu/vocabulary/drom/floral;http://data.odeuropa.eu/vocabulary/dhsv-sw/floraal;0.7630521628192929
edwards;http://data.odeuropa.eu/vocabulary/edwards/water;http://data.odeuropa.eu/vocabulary/dhsv-sw/water;1.0
dravnieks-descriptors;http://data.odeuropa.eu/vocabulary/dravnieks/descriptors/22;http://data.odeuropa.eu/vocabulary/zwaardemaker/aromatic;1.0
dravnieks-descriptors;http://data.odeuropa.eu/vocabulary/dravnieks/descriptors/21;http://data.odeuropa.eu/vocabulary/zwaardemaker/fragrant;1.0
historical-scent;http://data.odeuropa.eu/vocabulary/historical-scent/sour__acidic_ammonia;http://data.odeuropa.eu/vocabulary/dhsv-sw/ammonia;1.0
historical-scent;http://data.odeuropa.eu/vocabulary/historical-scent/animalistic_civet;http://data.odeuropa.eu/vocabulary/dhsv-sw/civets;0.8304581135692028
historical-scent;http://data.odeuropa.eu/vocabulary/historical-scent/floral;http://data.odeuropa.eu/vocabulary/dhsv-sw/floraal;0.8546784090448438
historical-scent;http://data.odeuropa.eu/vocabulary/historical-scent/sulphurous__rotten__fecal_miasma;http://data.odeuropa.eu/vocabulary/dhsv-sw/miasma;1.0
historical-scent;http://data.odeuropa.eu/vocabulary/historical-scent/ozonic__aquatic_ozone;http://data.odeuropa.eu/vocabulary/dhsv-sw/ozon;0.7965497726627812
historical-scent;http://data.odeuropa.eu/vocabulary/historical-scent/empyreumatic__smoky_snuff;http://data.odeuropa.eu/vocabulary/dhsv-sw/snuffen;0.7093568180896874
flavornet-odors;http://data.odeuropa.eu/vocabulary/flavornet/odors/pome_pear;http://data.odeuropa.eu/vocabulary/dravnieks/descriptors/10;1.0
flavornet-odors;http://data.odeuropa.eu/vocabulary/flavornet/odors/herbs_medicine;http://data.odeuropa.eu/vocabulary/dravnieks/descriptors/102;0.7739315736253392
flavornet-odors;http://data.odeuropa.eu/vocabulary/flavornet/odors/mineral_chemical;http://data.odeuropa.eu/vocabulary/dravnieks/descriptors/103;1.0
flavornet-odors;http://data.odeuropa.eu/vocabulary/flavornet/odors/fermented_bitter;http://data.odeuropa.eu/vocabulary/dravnieks/descriptors/104;1.0
flavornet-odors;http://data.odeuropa.eu/vocabulary/flavornet/odors/mineral_sharp;http://data.odeuropa.eu/vocabulary/dravnieks/descriptors/105;1.0
flavornet-odors;http://data.odeuropa.eu/vocabulary/flavornet/odors/fermented_sour;http://data.odeuropa.eu/vocabulary/dravnieks/descriptors/106;1.0
flavornet-odors;http://data.odeuropa.eu/vocabulary/flavornet/odors/fecal_urine;http://data.odeuropa.eu/vocabulary/dravnieks/descriptors/109;1.0
flavornet-odors;http://data.odeuropa.eu/vocabulary/flavornet/odors/stone_peach;http://data.odeuropa.eu/vocabulary/dravnieks/descriptors/12;1.0
flavornet-odors;http://data.odeuropa.eu/vocabulary/flavornet/odors/mineral_paint;http://data.odeuropa.eu/vocabulary/dravnieks/descriptors/120;1.0
flavornet-odors;http://data.odeuropa.eu/vocabulary/flavornet/odors/maillard_popcorn;http://data.odeuropa.eu/vocabulary/dravnieks/descriptors/122;1.0
flavornet-odors;http://data.odeuropa.eu/vocabulary/flavornet/odors/vegetable_cooked_vegetable;http://data.odeuropa.eu/vocabulary/dravnieks/descriptors/126;0.9640891252301109
flavornet-odors;http://data.odeuropa.eu/vocabulary/flavornet/odors/fermented_rancid;http://data.odeuropa.eu/vocabulary/dravnieks/descriptors/127;1.0
flavornet-odors;http://data.odeuropa.eu/vocabulary/flavornet/odors/pome_banana;http://data.odeuropa.eu/vocabulary/dravnieks/descriptors/13;1.0
flavornet-odors;http://data.odeuropa.eu/vocabulary/flavornet/odors/mineral_garlic;http://data.odeuropa.eu/vocabulary/dravnieks/descriptors/132;1.0
flavornet-odors;http://data.odeuropa.eu/vocabulary/flavornet/odors/fermented_putrid;http://data.odeuropa.eu/vocabulary/dravnieks/descriptors/137;1.0
flavornet-odors;http://data.odeuropa.eu/vocabulary/flavornet/odors/fecal;http://data.odeuropa.eu/vocabulary/dravnieks/descriptors/138;1.0
flavornet-odors;http://data.odeuropa.eu/vocabulary/flavornet/odors/herbs_warm;http://data.odeuropa.eu/vocabulary/dravnieks/descriptors/146;1.0
flavornet-odors;http://data.odeuropa.eu/vocabulary/flavornet/odors/herbs_rose;http://data.odeuropa.eu/vocabulary/dravnieks/descriptors/15;1.0
flavornet-odors;http://data.odeuropa.eu/vocabulary/flavornet/odors/aromatic_violet;http://data.odeuropa.eu/vocabulary/dravnieks/descriptors/16;0.8546702973305752
flavornet-odors;http://data.odeuropa.eu/vocabulary/flavornet/odors/floral_lavender;http://data.odeuropa.eu/vocabulary/dravnieks/descriptors/17;1.0
flavornet-odors;http://data.odeuropa.eu/vocabulary/flavornet/odors/citrus_cologne;http://data.odeuropa.eu/vocabulary/dravnieks/descriptors/18;1.0
flavornet-odors;http://data.odeuropa.eu/vocabulary/flavornet/odors/citrus_lemon;http://data.odeuropa.eu/vocabulary/dravnieks/descriptors/2;1.0
flavornet-odors;http://data.odeuropa.eu/vocabulary/flavornet/odors/aromatic_pine;http://data.odeuropa.eu/vocabulary/dravnieks/descriptors/22;0.7316379537961123
flavornet-odors;http://data.odeuropa.eu/vocabulary/flavornet/odors/floral_honey;http://data.odeuropa.eu/vocabulary/dravnieks/descriptors/23;1.0
flavornet-odors;http://data.odeuropa.eu/vocabulary/flavornet/odors/edible_oil_almond;http://data.odeuropa.eu/vocabulary/dravnieks/descriptors/25;1.0
flavornet-odors;http://data.odeuropa.eu/vocabulary/flavornet/odors/seed_spices_clove;http://data.odeuropa.eu/vocabulary/dravnieks/descriptors/29;1.0
flavornet-odors;http://data.odeuropa.eu/vocabulary/flavornet/odors/tropical_grapefruit;http://data.odeuropa.eu/vocabulary/dravnieks/descriptors/3;1.0
flavornet-odors;http://data.odeuropa.eu/vocabulary/flavornet/odors/sweet_spices_cinnamon;http://data.odeuropa.eu/vocabulary/dravnieks/descriptors/30;1.0
flavornet-odors;http://data.odeuropa.eu/vocabulary/flavornet/odors/herbs_dill;http://data.odeuropa.eu/vocabulary/dravnieks/descriptors/36;1.0
flavornet-odors;http://data.odeuropa.eu/vocabulary/flavornet/odors/herbs_caraway;http://data.odeuropa.eu/vocabulary/dravnieks/descriptors/37;1.0
flavornet-odors;http://data.odeuropa.eu/vocabulary/flavornet/odors/mineral_mothball;http://data.odeuropa.eu/vocabulary/dravnieks/descriptors/41;0.8869657868126697
flavornet-odors;http://data.odeuropa.eu/vocabulary/flavornet/odors/mineral_camphor;http://data.odeuropa.eu/vocabulary/dravnieks/descriptors/43;1.0
flavornet-odors;http://data.odeuropa.eu/vocabulary/flavornet/odors/aromatic_vanilla;http://data.odeuropa.eu/vocabulary/dravnieks/descriptors/46;1.0
flavornet-odors;http://data.odeuropa.eu/vocabulary/flavornet/odors/herbs_sweet;http://data.odeuropa.eu/vocabulary/dravnieks/descriptors/47;1.0
flavornet-odors;http://data.odeuropa.eu/vocabulary/flavornet/odors/maillard_caramel;http://data.odeuropa.eu/vocabulary/dravnieks/descriptors/49;1.0
flavornet-odors;http://data.odeuropa.eu/vocabulary/flavornet/odors/tropical_coconut;http://data.odeuropa.eu/vocabulary/dravnieks/descriptors/53;1.0
flavornet-odors;http://data.odeuropa.eu/vocabulary/flavornet/odors/aromatic_anise;http://data.odeuropa.eu/vocabulary/dravnieks/descriptors/54;1.0
flavornet-odors;http://data.odeuropa.eu/vocabulary/flavornet/odors/fermented_alcohol;http://data.odeuropa.eu/vocabulary/dravnieks/descriptors/55;0.7739315736253392
flavornet-odors;http://data.odeuropa.eu/vocabulary/flavornet/odors/mineral_gasoline;http://data.odeuropa.eu/vocabulary/dravnieks/descriptors/58;1.0
flavornet-odors;http://data.odeuropa.eu/vocabulary/flavornet/odors/aromatic_turpentine;http://data.odeuropa.eu/vocabulary/dravnieks/descriptors/59;1.0
flavornet-odors;http://data.odeuropa.eu/vocabulary/flavornet/odors/tropical_pineapple;http://data.odeuropa.eu/vocabulary/dravnieks/descriptors/6;1.0
flavornet-odors;http://data.odeuropa.eu/vocabulary/flavornet/odors/floral_geranium;http://data.odeuropa.eu/vocabulary/dravnieks/descriptors/60;0.7248044061826974
flavornet-odors;http://data.odeuropa.eu/vocabulary/flavornet/odors/floral_celery;http://data.odeuropa.eu/vocabulary/dravnieks/descriptors/61;1.0
flavornet-odors;http://data.odeuropa.eu/vocabulary/flavornet/odors/vegetable_cucumber;http://data.odeuropa.eu/vocabulary/dravnieks/descriptors/66;0.746954936259676
flavornet-odors;http://data.odeuropa.eu/vocabulary/flavornet/odors/fermented_fruit;http://data.odeuropa.eu/vocabulary/dravnieks/descriptors/72;1.0
flavornet-odors;http://data.odeuropa.eu/vocabulary/flavornet/odors/mineral_cardboard;http://data.odeuropa.eu/vocabulary/dravnieks/descriptors/76;1.0
flavornet-odors;http://data.odeuropa.eu/vocabulary/flavornet/odors/aromatic_wet_cloth;http://data.odeuropa.eu/vocabulary/dravnieks/descriptors/79;0.707734235835572
flavornet-odors;http://data.odeuropa.eu/vocabulary/flavornet/odors/berry_strawberry;http://data.odeuropa.eu/vocabulary/dravnieks/descriptors/8;1.0
flavornet-odors;http://data.odeuropa.eu/vocabulary/flavornet/odors/aromatic_mushroom;http://data.odeuropa.eu/vocabulary/dravnieks/descriptors/85;1.0
flavornet-odors;http://data.odeuropa.eu/vocabulary/flavornet/odors/floral_apple;http://data.odeuropa.eu/vocabulary/dravnieks/descriptors/9;1.0
flavornet-odors;http://data.odeuropa.eu/vocabulary/flavornet/odors/mineral_burnt;http://data.odeuropa.eu/vocabulary/dravnieks/descriptors/91;1.0
flavornet-odors;http://data.odeuropa.eu/vocabulary/flavornet/odors/maillard_coffee;http://data.odeuropa.eu/vocabulary/dravnieks/descriptors/94;1.0
flavornet-odors;http://data.odeuropa.eu/vocabulary/flavornet/odors/vegetable_rubber;http://data.odeuropa.eu/vocabulary/dravnieks/descriptors/98;0.750574231946247
flavornet-odors;http://data.odeuropa.eu/vocabulary/flavornet/odors/mineral_tar;http://data.odeuropa.eu/vocabulary/dravnieks/descriptors/99;1.0
historic-book;http://data.odeuropa.eu/vocabulary/historic-book/fragrant;http://data.odeuropa.eu/vocabulary/zwaardemaker/fragrant;1.0
zwaardemaker;http://data.odeuropa.eu/vocabulary/zwaardemaker/aromatic;http://data.odeuropa.eu/vocabulary/flavornet/odors/aromatic;1.0
edwards;http://data.odeuropa.eu/vocabulary/edwards/aromatic;http://data.odeuropa.eu/vocabulary/zwaardemaker/aromatic;1.0
dhsv-sw;http://data.odeuropa.eu/vocabulary/dhsv-sw/creosoot;http://data.odeuropa.eu/vocabulary/dravnieks/descriptors/100;0.7386230172800639
dhsv-sw;http://data.odeuropa.eu/vocabulary/dhsv-sw/bitter;http://data.odeuropa.eu/vocabulary/dravnieks/descriptors/104;1.0
dhsv-sw;http://data.odeuropa.eu/vocabulary/dhsv-sw/ammonia;http://data.odeuropa.eu/vocabulary/dravnieks/descriptors/108;1.0
dhsv-sw;http://data.odeuropa.eu/vocabulary/dhsv-sw/floraal;http://data.odeuropa.eu/vocabulary/dravnieks/descriptors/14;0.8506417330624836
dhsv-sw;http://data.odeuropa.eu/vocabulary/dhsv-sw/warm;http://data.odeuropa.eu/vocabulary/dravnieks/descriptors/146;1.0
dhsv-sw;http://data.odeuropa.eu/vocabulary/dhsv-sw/alcohol;http://data.odeuropa.eu/vocabulary/dravnieks/descriptors/55;0.7676649180971966
drom;http://data.odeuropa.eu/vocabulary/drom/floral;http://data.odeuropa.eu/vocabulary/dravnieks/descriptors/14;1.0
drom;http://data.odeuropa.eu/vocabulary/drom/rose_oil;http://data.odeuropa.eu/vocabulary/dravnieks/descriptors/15;0.8364736955519584
drom;http://data.odeuropa.eu/vocabulary/drom/lavender;http://data.odeuropa.eu/vocabulary/dravnieks/descriptors/17;1.0
drom;http://data.odeuropa.eu/vocabulary/drom/lemon_oil;http://data.odeuropa.eu/vocabulary/dravnieks/descriptors/2;0.878460507853376
drom;http://data.odeuropa.eu/vocabulary/drom/spicy;http://data.odeuropa.eu/vocabulary/dravnieks/descriptors/28;1.0
drom;http://data.odeuropa.eu/vocabulary/drom/grapefruit_oil;http://data.odeuropa.eu/vocabulary/dravnieks/descriptors/3;0.8799640380819005
drom;http://data.odeuropa.eu/vocabulary/drom/cinnamon_oil;http://data.odeuropa.eu/vocabulary/dravnieks/descriptors/30;0.8799640380819005
drom;http://data.odeuropa.eu/vocabulary/drom/woody;http://data.odeuropa.eu/vocabulary/dravnieks/descriptors/39;1.0
drom;http://data.odeuropa.eu/vocabulary/drom/orange_oil;http://data.odeuropa.eu/vocabulary/dravnieks/descriptors/4;0.860245793346886
drom;http://data.odeuropa.eu/vocabulary/drom/cedarwood_oil;http://data.odeuropa.eu/vocabulary/dravnieks/descriptors/40;0.860245793346886
drom;http://data.odeuropa.eu/vocabulary/drom/vanilla_absolute;http://data.odeuropa.eu/vocabulary/dravnieks/descriptors/46;0.7803889847376794
drom;http://data.odeuropa.eu/vocabulary/drom/leather;http://data.odeuropa.eu/vocabulary/dravnieks/descriptors/75;1.0
dravnieks-descriptors;http://data.odeuropa.eu/vocabulary/dravnieks/descriptors/19;http://data.odeuropa.eu/vocabulary/historical-scent/animalistic_musk;1.0
dravnieks-descriptors;http://data.odeuropa.eu/vocabulary/dravnieks/descriptors/103;http://data.odeuropa.eu/vocabulary/historical-scent/chemical;1.0
dravnieks-descriptors;http://data.odeuropa.eu/vocabulary/dravnieks/descriptors/94;http://data.odeuropa.eu/vocabulary/historical-scent/empyreumatic__smoky_coffee;1.0
dravnieks-descriptors;http://data.odeuropa.eu/vocabulary/dravnieks/descriptors/32;http://data.odeuropa.eu/vocabulary/historical-scent/empyreumatic__smoky_tea;0.7471908042786453
dravnieks-descriptors;http://data.odeuropa.eu/vocabulary/dravnieks/descriptors/46;http://data.odeuropa.eu/vocabulary/historical-scent/empyreumatic__smoky_vanilla;1.0
dravnieks-descriptors;http://data.odeuropa.eu/vocabulary/dravnieks/descriptors/111;http://data.odeuropa.eu/vocabulary/historical-scent/fishy;1.0
dravnieks-descriptors;http://data.odeuropa.eu/vocabulary/dravnieks/descriptors/14;http://data.odeuropa.eu/vocabulary/historical-scent/floral;1.0
dravnieks-descriptors;http://data.odeuropa.eu/vocabulary/dravnieks/descriptors/15;http://data.odeuropa.eu/vocabulary/historical-scent/floral_rose;1.0
dravnieks-descriptors;http://data.odeuropa.eu/vocabulary/dravnieks/descriptors/16;http://data.odeuropa.eu/vocabulary/historical-scent/floral_violet;0.853101639128867
dravnieks-descriptors;http://data.odeuropa.eu/vocabulary/dravnieks/descriptors/62;http://data.odeuropa.eu/vocabulary/historical-scent/fresh_green;0.8353110223428688
dravnieks-descriptors;http://data.odeuropa.eu/vocabulary/dravnieks/descriptors/43;http://data.odeuropa.eu/vocabulary/historical-scent/fresh_green_camphor;1.0
dravnieks-descriptors;http://data.odeuropa.eu/vocabulary/dravnieks/descriptors/31;http://data.odeuropa.eu/vocabulary/historical-scent/fresh_green_laurel;0.7370940625583764
dravnieks-descriptors;http://data.odeuropa.eu/vocabulary/dravnieks/descriptors/9;http://data.odeuropa.eu/vocabulary/historical-scent/fruity_apple;1.0
dravnieks-descriptors;http://data.odeuropa.eu/vocabulary/dravnieks/descriptors/13;http://data.odeuropa.eu/vocabulary/historical-scent/fruity_banana;1.0
dravnieks-descriptors;http://data.odeuropa.eu/vocabulary/dravnieks/descriptors/24;http://data.odeuropa.eu/vocabulary/historical-scent/fruity_cherry;1.0
dravnieks-descriptors;http://data.odeuropa.eu/vocabulary/dravnieks/descriptors/2;http://data.odeuropa.eu/vocabulary/historical-scent/fruity_lemon;1.0
dravnieks-descriptors;http://data.odeuropa.eu/vocabulary/dravnieks/descriptors/4;http://data.odeuropa.eu/vocabulary/historical-scent/fruity_orange;1.0
dravnieks-descriptors;http://data.odeuropa.eu/vocabulary/dravnieks/descriptors/97;http://data.odeuropa.eu/vocabulary/historical-scent/gourmand__food_milk;0.7432809884482854
dravnieks-descriptors;http://data.odeuropa.eu/vocabulary/dravnieks/descriptors/65;http://data.odeuropa.eu/vocabulary/historical-scent/herbal;1.0
dravnieks-descriptors;http://data.odeuropa.eu/vocabulary/dravnieks/descriptors/17;http://data.odeuropa.eu/vocabulary/historical-scent/herbal_lavender;1.0
dravnieks-descriptors;http://data.odeuropa.eu/vocabulary/dravnieks/descriptors/58;http://data.odeuropa.eu/vocabulary/historical-scent/industrial_gasoline;1.0
dravnieks-descriptors;http://data.odeuropa.eu/vocabulary/dravnieks/descriptors/133;http://data.odeuropa.eu/vocabulary/historical-scent/metallic;1.0
dravnieks-descriptors;http://data.odeuropa.eu/vocabulary/dravnieks/descriptors/134;http://data.odeuropa.eu/vocabulary/historical-scent/metallic_blood;1.0
dravnieks-descriptors;http://data.odeuropa.eu/vocabulary/dravnieks/descriptors/108;http://data.odeuropa.eu/vocabulary/historical-scent/sour__acidic_ammonia;1.0
dravnieks-descriptors;http://data.odeuropa.eu/vocabulary/dravnieks/descriptors/28;http://data.odeuropa.eu/vocabulary/historical-scent/spicy;1.0
dravnieks-descriptors;http://data.odeuropa.eu/vocabulary/dravnieks/descriptors/30;http://data.odeuropa.eu/vocabulary/historical-scent/spicy_cinnamon;1.0
dravnieks-descriptors;http://data.odeuropa.eu/vocabulary/dravnieks/descriptors/29;http://data.odeuropa.eu/vocabulary/historical-scent/spicy_cloves;0.8286185483382901
dravnieks-descriptors;http://data.odeuropa.eu/vocabulary/dravnieks/descriptors/138;http://data.odeuropa.eu/vocabulary/historical-scent/sulphurous__rotten__fecal_fecal;1.0
dravnieks-descriptors;http://data.odeuropa.eu/vocabulary/dravnieks/descriptors/71;http://data.odeuropa.eu/vocabulary/historical-scent/sulphurous__rotten__fecal_sour_buttermilk;0.8460518023191623
dravnieks-descriptors;http://data.odeuropa.eu/vocabulary/dravnieks/descriptors/47;http://data.odeuropa.eu/vocabulary/historical-scent/sweet;1.0
dravnieks-descriptors;http://data.odeuropa.eu/vocabulary/dravnieks/descriptors/39;http://data.odeuropa.eu/vocabulary/historical-scent/woody;1.0
dravnieks-descriptors;http://data.odeuropa.eu/vocabulary/dravnieks/descriptors/135;http://data.odeuropa.eu/vocabulary/flavornet/odors/animal;1.0
dravnieks-descriptors;http://data.odeuropa.eu/vocabulary/dravnieks/descriptors/138;http://data.odeuropa.eu/vocabulary/flavornet/odors/animal_fecal;1.0
dravnieks-descriptors;http://data.odeuropa.eu/vocabulary/dravnieks/descriptors/127;http://data.odeuropa.eu/vocabulary/flavornet/odors/animal_rancid;1.0
dravnieks-descriptors;http://data.odeuropa.eu/vocabulary/dravnieks/descriptors/22;http://data.odeuropa.eu/vocabulary/flavornet/odors/aromatic;1.0
dravnieks-descriptors;http://data.odeuropa.eu/vocabulary/dravnieks/descriptors/54;http://data.odeuropa.eu/vocabulary/flavornet/odors/aromatic_anise;1.0
dravnieks-descriptors;http://data.odeuropa.eu/vocabulary/dravnieks/descriptors/43;http://data.odeuropa.eu/vocabulary/flavornet/odors/aromatic_camphor;1.0
dravnieks-descriptors;http://data.odeuropa.eu/vocabulary/dravnieks/descriptors/53;http://data.odeuropa.eu/vocabulary/flavornet/odors/aromatic_coconut;1.0
dravnieks-descriptors;http://data.odeuropa.eu/vocabulary/dravnieks/descriptors/58;http://data.odeuropa.eu/vocabulary/flavornet/odors/aromatic_gasoline;1.0
dravnieks-descriptors;http://data.odeuropa.eu/vocabulary/dravnieks/descriptors/102;http://data.odeuropa.eu/vocabulary/flavornet/odors/aromatic_medicine;0.7739315736253392
dravnieks-descriptors;http://data.odeuropa.eu/vocabulary/dravnieks/descriptors/85;http://data.odeuropa.eu/vocabulary/flavornet/odors/aromatic_mushroom;1.0
dravnieks-descriptors;http://data.odeuropa.eu/vocabulary/dravnieks/descriptors/47;http://data.odeuropa.eu/vocabulary/flavornet/odors/aromatic_sweet;1.0
dravnieks-descriptors;http://data.odeuropa.eu/vocabulary/dravnieks/descriptors/59;http://data.odeuropa.eu/vocabulary/flavornet/odors/aromatic_turpentine;1.0
dravnieks-descriptors;http://data.odeuropa.eu/vocabulary/dravnieks/descriptors/46;http://data.odeuropa.eu/vocabulary/flavornet/odors/aromatic_vanilla;1.0
dravnieks-descriptors;http://data.odeuropa.eu/vocabulary/dravnieks/descriptors/16;http://data.odeuropa.eu/vocabulary/flavornet/odors/aromatic_violet;0.8546702973305752
dravnieks-descriptors;http://data.odeuropa.eu/vocabulary/dravnieks/descriptors/79;http://data.odeuropa.eu/vocabulary/flavornet/odors/aromatic_wet_cloth;0.707734235835572
dravnieks-descriptors;http://data.odeuropa.eu/vocabulary/dravnieks/descriptors/8;http://data.odeuropa.eu/vocabulary/flavornet/odors/berry_strawberry;1.0
dravnieks-descriptors;http://data.odeuropa.eu/vocabulary/dravnieks/descriptors/18;http://data.odeuropa.eu/vocabulary/flavornet/odors/citrus_cologne;1.0
dravnieks-descriptors;http://data.odeuropa.eu/vocabulary/dravnieks/descriptors/17;http://data.odeuropa.eu/vocabulary/flavornet/odors/citrus_lavender;1.0
dravnieks-descriptors;http://data.odeuropa.eu/vocabulary/dravnieks/descriptors/2;http://data.odeuropa.eu/vocabulary/flavornet/odors/citrus_lemon;1.0
dravnieks-descriptors;http://data.odeuropa.eu/vocabulary/dravnieks/descriptors/4;http://data.odeuropa.eu/vocabulary/flavornet/odors/citrus_orange;1.0
dravnieks-descriptors;http://data.odeuropa.eu/vocabulary/dravnieks/descriptors/25;http://data.odeuropa.eu/vocabulary/flavornet/odors/edible_oil_almond;1.0
dravnieks-descriptors;http://data.odeuropa.eu/vocabulary/dravnieks/descriptors/109;http://data.odeuropa.eu/vocabulary/flavornet/odors/fecal_urine;1.0
dravnieks-descriptors;http://data.odeuropa.eu/vocabulary/dravnieks/descriptors/72;http://data.odeuropa.eu/vocabulary/flavornet/odors/fermented;0.7397822629611389
dravnieks-descriptors;http://data.odeuropa.eu/vocabulary/dravnieks/descriptors/55;http://data.odeuropa.eu/vocabulary/flavornet/odors/fermented_alcohol;0.7739315736253392
dravnieks-descriptors;http://data.odeuropa.eu/vocabulary/dravnieks/descriptors/104;http://data.odeuropa.eu/vocabulary/flavornet/odors/fermented_bitter;1.0
dravnieks-descriptors;http://data.odeuropa.eu/vocabulary/dravnieks/descriptors/137;http://data.odeuropa.eu/vocabulary/flavornet/odors/fermented_putrid;1.0
dravnieks-descriptors;http://data.odeuropa.eu/vocabulary/dravnieks/descriptors/111;http://data.odeuropa.eu/vocabulary/flavornet/odors/fishy;1.0
dravnieks-descriptors;http://data.odeuropa.eu/vocabulary/dravnieks/descriptors/14;http://data.odeuropa.eu/vocabulary/flavornet/odors/floral;1.0
dravnieks-descriptors;http://data.odeuropa.eu/vocabulary/dravnieks/descriptors/9;http://data.odeuropa.eu/vocabulary/flavornet/odors/floral_apple;1.0
dravnieks-descriptors;http://data.odeuropa.eu/vocabulary/dravnieks/descriptors/61;http://data.odeuropa.eu/vocabulary/flavornet/odors/floral_celery;1.0
dravnieks-descriptors;http://data.odeuropa.eu/vocabulary/dravnieks/descriptors/60;http://data.odeuropa.eu/vocabulary/flavornet/odors/floral_geranium;0.7248044061826974
dravnieks-descriptors;http://data.odeuropa.eu/vocabulary/dravnieks/descriptors/23;http://data.odeuropa.eu/vocabulary/flavornet/odors/floral_honey;1.0
dravnieks-descriptors;http://data.odeuropa.eu/vocabulary/dravnieks/descriptors/15;http://data.odeuropa.eu/vocabulary/flavornet/odors/floral_rose;1.0
dravnieks-descriptors;http://data.odeuropa.eu/vocabulary/dravnieks/descriptors/146;http://data.odeuropa.eu/vocabulary/flavornet/odors/floral_warm;1.0
dravnieks-descriptors;http://data.odeuropa.eu/vocabulary/dravnieks/descriptors/98;http://data.odeuropa.eu/vocabulary/flavornet/odors/fruity_rubber;0.750574231946247
dravnieks-descriptors;http://data.odeuropa.eu/vocabulary/dravnieks/descriptors/122;http://data.odeuropa.eu/vocabulary/flavornet/odors/grain_popcorn;1.0
dravnieks-descriptors;http://data.odeuropa.eu/vocabulary/dravnieks/descriptors/37;http://data.odeuropa.eu/vocabulary/flavornet/odors/herbs_caraway;1.0
dravnieks-descriptors;http://data.odeuropa.eu/vocabulary/dravnieks/descriptors/36;http://data.odeuropa.eu/vocabulary/flavornet/odors/herbs_dill;1.0
dravnieks-descriptors;http://data.odeuropa.eu/vocabulary/dravnieks/descriptors/91;http://data.odeuropa.eu/vocabulary/flavornet/odors/maillard_burnt;1.0
dravnieks-descriptors;http://data.odeuropa.eu/vocabulary/dravnieks/descriptors/49;http://data.odeuropa.eu/vocabulary/flavornet/odors/maillard_caramel;1.0
dravnieks-descriptors;http://data.odeuropa.eu/vocabulary/dravnieks/descriptors/94;http://data.odeuropa.eu/vocabulary/flavornet/odors/maillard_coffee;1.0
dravnieks-descriptors;http://data.odeuropa.eu/vocabulary/dravnieks/descriptors/76;http://data.odeuropa.eu/vocabulary/flavornet/odors/mineral_cardboard;1.0
dravnieks-descriptors;http://data.odeuropa.eu/vocabulary/dravnieks/descriptors/103;http://data.odeuropa.eu/vocabulary/flavornet/odors/mineral_chemical;1.0
dravnieks-descriptors;http://data.odeuropa.eu/vocabulary/dravnieks/descriptors/132;http://data.odeuropa.eu/vocabulary/flavornet/odors/mineral_garlic;1.0
dravnieks-descriptors;http://data.odeuropa.eu/vocabulary/dravnieks/descriptors/41;http://data.odeuropa.eu/vocabulary/flavornet/odors/mineral_mothball;0.8869657868126697
dravnieks-descriptors;http://data.odeuropa.eu/vocabulary/dravnieks/descriptors/120;http://data.odeuropa.eu/vocabulary/flavornet/odors/mineral_paint;1.0
dravnieks-descriptors;http://data.odeuropa.eu/vocabulary/dravnieks/descriptors/105;http://data.odeuropa.eu/vocabulary/flavornet/odors/mineral_sharp;1.0
dravnieks-descriptors;http://data.odeuropa.eu/vocabulary/dravnieks/descriptors/99;http://data.odeuropa.eu/vocabulary/flavornet/odors/mineral_tar;1.0
dravnieks-descriptors;http://data.odeuropa.eu/vocabulary/dravnieks/descriptors/13;http://data.odeuropa.eu/vocabulary/flavornet/odors/pome_banana;1.0
dravnieks-descriptors;http://data.odeuropa.eu/vocabulary/dravnieks/descriptors/12;http://data.odeuropa.eu/vocabulary/flavornet/odors/pome_peach;1.0
dravnieks-descriptors;http://data.odeuropa.eu/vocabulary/dravnieks/descriptors/10;http://data.odeuropa.eu/vocabulary/flavornet/odors/pome_pear;1.0
dravnieks-descriptors;http://data.odeuropa.eu/vocabulary/dravnieks/descriptors/66;http://data.odeuropa.eu/vocabulary/flavornet/odors/raw_meat_meat;0.7055440319709245
dravnieks-descriptors;http://data.odeuropa.eu/vocabulary/dravnieks/descriptors/29;http://data.odeuropa.eu/vocabulary/flavornet/odors/seed_spices_clove;1.0
dravnieks-descriptors;http://data.odeuropa.eu/vocabulary/dravnieks/descriptors/30;http://data.odeuropa.eu/vocabulary/flavornet/odors/sweet_spices_cinnamon;1.0
dravnieks-descriptors;http://data.odeuropa.eu/vocabulary/dravnieks/descriptors/3;http://data.odeuropa.eu/vocabulary/flavornet/odors/tropical_grapefruit;1.0
dravnieks-descriptors;http://data.odeuropa.eu/vocabulary/dravnieks/descriptors/6;http://data.odeuropa.eu/vocabulary/flavornet/odors/tropical_pineapple;1.0
dravnieks-descriptors;http://data.odeuropa.eu/vocabulary/dravnieks/descriptors/126;http://data.odeuropa.eu/vocabulary/flavornet/odors/vegetable_cooked_potato;0.7427019947992373
dravnieks-descriptors;http://data.odeuropa.eu/vocabulary/dravnieks/descriptors/62;http://data.odeuropa.eu/vocabulary/flavornet/odors/vegetable_fresh;0.7498652417709146
flavornet-odors;http://data.odeuropa.eu/vocabulary/flavornet/odors/maillard_almond;http://data.odeuropa.eu/vocabulary/historic-book/almonds;0.8492898589740041
flavornet-odors;http://data.odeuropa.eu/vocabulary/flavornet/odors/maillard_biscuit;http://data.odeuropa.eu/vocabulary/historic-book/biscuits;0.8681286187421069
flavornet-odors;http://data.odeuropa.eu/vocabulary/flavornet/odors/maillard_caramel;http://data.odeuropa.eu/vocabulary/historic-book/caramel;1.0
flavornet-odors;http://data.odeuropa.eu/vocabulary/flavornet/odors/mineral_chemical;http://data.odeuropa.eu/vocabulary/historic-book/chemical;1.0
flavornet-odors;http://data.odeuropa.eu/vocabulary/flavornet/odors/fishy_fish;http://data.odeuropa.eu/vocabulary/historic-book/fish;1.0
flavornet-odors;http://data.odeuropa.eu/vocabulary/flavornet/odors/edible_oil_rancid;http://data.odeuropa.eu/vocabulary/historic-book/fishy_rancid;0.764426115654181
flavornet-odors;http://data.odeuropa.eu/vocabulary/flavornet/odors/stone_fresh;http://data.odeuropa.eu/vocabulary/historic-book/fresh_fruit;0.7553133671385609
flavornet-odors;http://data.odeuropa.eu/vocabulary/flavornet/odors/vegetable_gasoline;http://data.odeuropa.eu/vocabulary/historic-book/gasoline_like;0.943707278535887
flavornet-odors;http://data.odeuropa.eu/vocabulary/flavornet/odors/herbs_green;http://data.odeuropa.eu/vocabulary/historic-book/green;1.0
flavornet-odors;http://data.odeuropa.eu/vocabulary/flavornet/odors/mineral_medicine;http://data.odeuropa.eu/vocabulary/historic-book/medicinal;0.7655620028484507
flavornet-odors;http://data.odeuropa.eu/vocabulary/flavornet/odors/mineral_mothball;http://data.odeuropa.eu/vocabulary/historic-book/mothballs;0.8827810014242254
flavornet-odors;http://data.odeuropa.eu/vocabulary/flavornet/odors/mineral_smoke;http://data.odeuropa.eu/vocabulary/historic-book/smoke;1.0
flavornet-odors;http://data.odeuropa.eu/vocabulary/flavornet/odors/maillard_sweet;http://data.odeuropa.eu/vocabulary/historic-book/sweet;1.0
flavornet-odors;http://data.odeuropa.eu/vocabulary/flavornet/odors/aromatic_pungent;http://data.odeuropa.eu/vocabulary/historic-book/sweet_pungent;0.7641889254314639
flavornet-odors;http://data.odeuropa.eu/vocabulary/flavornet/odors/sweet_spices_spice;http://data.odeuropa.eu/vocabulary/historic-book/sweet_spicy;0.9163374584701036
flavornet-odors;http://data.odeuropa.eu/vocabulary/flavornet/odors/floral_vanilla;http://data.odeuropa.eu/vocabulary/historic-book/vanilla;1.0
flavornet-odors;http://data.odeuropa.eu/vocabulary/flavornet/odors/herbs_wood;http://data.odeuropa.eu/vocabulary/historic-book/wood;1.0
drom;http://data.odeuropa.eu/vocabulary/drom/citrus;http://data.odeuropa.eu/vocabulary/historic-book/citrus;1.0
drom;http://data.odeuropa.eu/vocabulary/drom/green;http://data.odeuropa.eu/vocabulary/historic-book/green;1.0
drom;http://data.odeuropa.eu/vocabulary/drom/vanilla_absolute;http://data.odeuropa.eu/vocabulary/historic-book/vanilla;0.7074572043116136
zwaardemaker;http://data.odeuropa.eu/vocabulary/zwaardemaker/aromatic;http://data.odeuropa.eu/vocabulary/edwards/aromatic;1.0
edwards;http://data.odeuropa.eu/vocabulary/edwards/fruity;http://data.odeuropa.eu/vocabulary/dravnieks/descriptors/1;0.7148964913043386
edwards;http://data.odeuropa.eu/vocabulary/edwards/soft_floral;http://data.odeuropa.eu/vocabulary/dravnieks/descriptors/14;0.9999999999999999
edwards;http://data.odeuropa.eu/vocabulary/edwards/dry_woods;http://data.odeuropa.eu/vocabulary/dravnieks/descriptors/141;0.7489943809106451
edwards;http://data.odeuropa.eu/vocabulary/edwards/aromatic;http://data.odeuropa.eu/vocabulary/dravnieks/descriptors/22;1.0
edwards;http://data.odeuropa.eu/vocabulary/edwards/woody_oriental;http://data.odeuropa.eu/vocabulary/dravnieks/descriptors/39;0.7894109157008375
dravnieks-descriptors;http://data.odeuropa.eu/vocabulary/dravnieks/descriptors/40;http://data.odeuropa.eu/vocabulary/drom/cedarwood_oil;0.860245793346886
dravnieks-descriptors;http://data.odeuropa.eu/vocabulary/dravnieks/descriptors/30;http://data.odeuropa.eu/vocabulary/drom/cinnamon_oil;0.8799640380819005
dravnieks-descriptors;http://data.odeuropa.eu/vocabulary/dravnieks/descriptors/14;http://data.odeuropa.eu/vocabulary/drom/floral;1.0
dravnieks-descriptors;http://data.odeuropa.eu/vocabulary/dravnieks/descriptors/3;http://data.odeuropa.eu/vocabulary/drom/grapefruit_oil;0.8799640380819005
dravnieks-descriptors;http://data.odeuropa.eu/vocabulary/dravnieks/descriptors/17;http://data.odeuropa.eu/vocabulary/drom/lavender;1.0
dravnieks-descriptors;http://data.odeuropa.eu/vocabulary/dravnieks/descriptors/75;http://data.odeuropa.eu/vocabulary/drom/leather;1.0
dravnieks-descriptors;http://data.odeuropa.eu/vocabulary/dravnieks/descriptors/2;http://data.odeuropa.eu/vocabulary/drom/lemon_oil;0.878460507853376
dravnieks-descriptors;http://data.odeuropa.eu/vocabulary/dravnieks/descriptors/4;http://data.odeuropa.eu/vocabulary/drom/orange_oil;0.860245793346886
dravnieks-descriptors;http://data.odeuropa.eu/vocabulary/dravnieks/descriptors/15;http://data.odeuropa.eu/vocabulary/drom/rose_oil;0.8364736955519584
dravnieks-descriptors;http://data.odeuropa.eu/vocabulary/dravnieks/descriptors/28;http://data.odeuropa.eu/vocabulary/drom/spicy;1.0
dravnieks-descriptors;http://data.odeuropa.eu/vocabulary/dravnieks/descriptors/46;http://data.odeuropa.eu/vocabulary/drom/vanilla_absolute;0.7803889847376794
dravnieks-descriptors;http://data.odeuropa.eu/vocabulary/dravnieks/descriptors/39;http://data.odeuropa.eu/vocabulary/drom/woody;1.0
historical-scent;http://data.odeuropa.eu/vocabulary/historical-scent/floral;http://data.odeuropa.eu/vocabulary/edwards/floral;1.0
historical-scent;http://data.odeuropa.eu/vocabulary/historical-scent/fresh_green;http://data.odeuropa.eu/vocabulary/edwards/fresh;0.7574238115139069
historical-scent;http://data.odeuropa.eu/vocabulary/historical-scent/fruity_apple;http://data.odeuropa.eu/vocabulary/edwards/fruity;0.7118579163185069
historical-scent;http://data.odeuropa.eu/vocabulary/historical-scent/woody;http://data.odeuropa.eu/vocabulary/edwards/woody_oriental;0.7678759646899546
historical-scent;http://data.odeuropa.eu/vocabulary/historical-scent/empyreumatic__smoky_ash;http://data.odeuropa.eu/vocabulary/historic-book/ash;1.0
historical-scent;http://data.odeuropa.eu/vocabulary/historical-scent/body_odour_hair;http://data.odeuropa.eu/vocabulary/historic-book/body_odour;0.796525679587898
historical-scent;http://data.odeuropa.eu/vocabulary/historical-scent/industrial_coal;http://data.odeuropa.eu/vocabulary/historic-book/coal;1.0
historical-scent;http://data.odeuropa.eu/vocabulary/historical-scent/earthy__mineral_earth;http://data.odeuropa.eu/vocabulary/historic-book/earthly;0.7094795685564114
historical-scent;http://data.odeuropa.eu/vocabulary/historical-scent/fishy_fish;http://data.odeuropa.eu/vocabulary/historic-book/fish;1.0
historical-scent;http://data.odeuropa.eu/vocabulary/historical-scent/industrial_gasoline;http://data.odeuropa.eu/vocabulary/historic-book/gasoline_like;0.9365341931766162
historical-scent;http://data.odeuropa.eu/vocabulary/historical-scent/industrial_smoke;http://data.odeuropa.eu/vocabulary/historic-book/smoke;1.0
historical-scent;http://data.odeuropa.eu/vocabulary/historical-scent/spicy;http://data.odeuropa.eu/vocabulary/historic-book/sweet_spicy;0.7840133282728625
historical-scent;http://data.odeuropa.eu/vocabulary/historical-scent/empyreumatic__smoky_vanilla;http://data.odeuropa.eu/vocabulary/historic-book/vanilla;1.0
historical-scent;http://data.odeuropa.eu/vocabulary/historical-scent/sour__acidic_vinegar_wine;http://data.odeuropa.eu/vocabulary/historic-book/vinegar;0.7653924515871928
historical-scent;http://data.odeuropa.eu/vocabulary/historical-scent/animalistic_castoreum;http://data.odeuropa.eu/vocabulary/drom/castoreum_absolute;0.8262996646372671
historical-scent;http://data.odeuropa.eu/vocabulary/historical-scent/spicy_cinnamon;http://data.odeuropa.eu/vocabulary/drom/cinnamon_oil;0.8962726901668743
historical-scent;http://data.odeuropa.eu/vocabulary/historical-scent/fruity_grapes;http://data.odeuropa.eu/vocabulary/drom/fruity;0.7243991323111183
historical-scent;http://data.odeuropa.eu/vocabulary/historical-scent/fresh_green_galbanum;http://data.odeuropa.eu/vocabulary/drom/galbanum_oil;0.8939757110520276
historical-scent;http://data.odeuropa.eu/vocabulary/historical-scent/floral_jasmin;http://data.odeuropa.eu/vocabulary/drom/jasmin_absolute;0.8262996646372671
historical-scent;http://data.odeuropa.eu/vocabulary/historical-scent/resinous_labdanum;http://data.odeuropa.eu/vocabulary/drom/labdanum_absolute;0.8262996646109605
historical-scent;http://data.odeuropa.eu/vocabulary/historical-scent/herbal_lavender;http://data.odeuropa.eu/vocabulary/drom/lavender;1.0
historical-scent;http://data.odeuropa.eu/vocabulary/historical-scent/fruity_lemon;http://data.odeuropa.eu/vocabulary/drom/lemon_oil;0.8980920986567398
historical-scent;http://data.odeuropa.eu/vocabulary/historical-scent/spicy_nutmeg;http://data.odeuropa.eu/vocabulary/drom/nutmeg_oil;0.889459502018782
historical-scent;http://data.odeuropa.eu/vocabulary/historical-scent/fruity_orange;http://data.odeuropa.eu/vocabulary/drom/orange_oil;0.88291328933276
historical-scent;http://data.odeuropa.eu/vocabulary/historical-scent/earthy__mineral_patchouli;http://data.odeuropa.eu/vocabulary/drom/patchouly_oil;0.79774708877456
historical-scent;http://data.odeuropa.eu/vocabulary/historical-scent/sweet_rose;http://data.odeuropa.eu/vocabulary/drom/rose_oil;0.8561415983895635
historical-scent;http://data.odeuropa.eu/vocabulary/historical-scent/fresh_green_rosemary;http://data.odeuropa.eu/vocabulary/drom/rosemary_oil;0.8831024247637826
historical-scent;http://data.odeuropa.eu/vocabulary/historical-scent/woody_sandalwood;http://data.odeuropa.eu/vocabulary/drom/sandalwood_oil;0.8962726901668743
historical-scent;http://data.odeuropa.eu/vocabulary/historical-scent/spicy;http://data.odeuropa.eu/vocabulary/drom/spicy;1.0
historical-scent;http://data.odeuropa.eu/vocabulary/historical-scent/empyreumatic__smoky_tobacco;http://data.odeuropa.eu/vocabulary/drom/tobacco;1.0
historical-scent;http://data.odeuropa.eu/vocabulary/historical-scent/empyreumatic__smoky_vanilla;http://data.odeuropa.eu/vocabulary/drom/vanilla_absolute;0.8166522338417629
flavornet-odors;http://data.odeuropa.eu/vocabulary/flavornet/odors/seed_spices_basil;http://data.odeuropa.eu/vocabulary/drom/basil_oil;0.8908260463724702
flavornet-odors;http://data.odeuropa.eu/vocabulary/flavornet/odors/animal_black_currant;http://data.odeuropa.eu/vocabulary/drom/black_currant_absolute;0.8757216088812372
flavornet-odors;http://data.odeuropa.eu/vocabulary/flavornet/odors/sweet_spices_cinnamon;http://data.odeuropa.eu/vocabulary/drom/cinnamon_oil;0.8959367907332515
flavornet-odors;http://data.odeuropa.eu/vocabulary/flavornet/odors/citrus_coriander;http://data.odeuropa.eu/vocabulary/drom/coriander_oil;0.8959367907332515
flavornet-odors;http://data.odeuropa.eu/vocabulary/flavornet/odors/fruity_rubber;http://data.odeuropa.eu/vocabulary/drom/fruity;0.7430729254814625
flavornet-odors;http://data.odeuropa.eu/vocabulary/flavornet/odors/herbs_geranium;http://data.odeuropa.eu/vocabulary/drom/geranium_oil;0.8636488915136415
flavornet-odors;http://data.odeuropa.eu/vocabulary/flavornet/odors/tropical_grapefruit;http://data.odeuropa.eu/vocabulary/drom/grapefruit_oil;0.8959367907332515
flavornet-odors;http://data.odeuropa.eu/vocabulary/flavornet/odors/herbs_green;http://data.odeuropa.eu/vocabulary/drom/green;1.0
flavornet-odors;http://data.odeuropa.eu/vocabulary/flavornet/odors/citrus_lavender;http://data.odeuropa.eu/vocabulary/drom/lavender;1.0
flavornet-odors;http://data.odeuropa.eu/vocabulary/flavornet/odors/floral_lavender;http://data.odeuropa.eu/vocabulary/drom/lavender_oil;0.863425801961859
flavornet-odors;http://data.odeuropa.eu/vocabulary/flavornet/odors/citrus_oil;http://data.odeuropa.eu/vocabulary/drom/lemon_oil;0.854456006721438
flavornet-odors;http://data.odeuropa.eu/vocabulary/flavornet/odors/citrus_mandarin;http://data.odeuropa.eu/vocabulary/drom/mandarin_oil;0.8851873695016921
flavornet-odors;http://data.odeuropa.eu/vocabulary/flavornet/odors/sweet_spices_nutmeg;http://data.odeuropa.eu/vocabulary/drom/nutmeg_oil;0.8890722204255523
flavornet-odors;http://data.odeuropa.eu/vocabulary/flavornet/odors/citrus_orange;http://data.odeuropa.eu/vocabulary/drom/orange_oil;0.8734073045925542
flavornet-odors;http://data.odeuropa.eu/vocabulary/flavornet/odors/edible_oil_orris;http://data.odeuropa.eu/vocabulary/drom/orris_absolute;0.8126650410109375
flavornet-odors;http://data.odeuropa.eu/vocabulary/flavornet/odors/pome_rose;http://data.odeuropa.eu/vocabulary/drom/rose_oil;0.8428925142839733
flavornet-odors;http://data.odeuropa.eu/vocabulary/flavornet/odors/floral_tobacco;http://data.odeuropa.eu/vocabulary/drom/tobacco;1.0
flavornet-odors;http://data.odeuropa.eu/vocabulary/flavornet/odors/floral_vanilla;http://data.odeuropa.eu/vocabulary/drom/vanilla_absolute;0.7936436788450061
dravnieks-descriptors;http://data.odeuropa.eu/vocabulary/dravnieks/descriptors/55;http://data.odeuropa.eu/vocabulary/dhsv-sw/alcohol;0.7676649180971966
dravnieks-descriptors;http://data.odeuropa.eu/vocabulary/dravnieks/descriptors/108;http://data.odeuropa.eu/vocabulary/dhsv-sw/ammonia;1.0
dravnieks-descriptors;http://data.odeuropa.eu/vocabulary/dravnieks/descriptors/104;http://data.odeuropa.eu/vocabulary/dhsv-sw/bitter;1.0
dravnieks-descriptors;http://data.odeuropa.eu/vocabulary/dravnieks/descriptors/100;http://data.odeuropa.eu/vocabulary/dhsv-sw/creosoot;0.7386230172800639
dravnieks-descriptors;http://data.odeuropa.eu/vocabulary/dravnieks/descriptors/14;http://data.odeuropa.eu/vocabulary/dhsv-sw/floraal;0.8506417330624836
dravnieks-descriptors;http://data.odeuropa.eu/vocabulary/dravnieks/descriptors/146;http://data.odeuropa.eu/vocabulary/dhsv-sw/warm;1.0
historic-book;http://data.odeuropa.eu/vocabulary/historic-book/citrus;http://data.odeuropa.eu/vocabulary/edwards/citrus;1.0
historic-book;http://data.odeuropa.eu/vocabulary/historic-book/fresh_fruit;http://data.odeuropa.eu/vocabulary/edwards/fresh;0.7695537045913942
historic-book;http://data.odeuropa.eu/vocabulary/historic-book/green;http://data.odeuropa.eu/vocabulary/edwards/green;1.0
historic-book;http://data.odeuropa.eu/vocabulary/historic-book/wood;http://data.odeuropa.eu/vocabulary/edwards/woods;0.7680216863490332
flavornet-odors;http://data.odeuropa.eu/vocabulary/flavornet/odors/fermented_alcohol;http://data.odeuropa.eu/vocabulary/dhsv-sw/alcohol;1.0
flavornet-odors;http://data.odeuropa.eu/vocabulary/flavornet/odors/fermented_fruit;http://data.odeuropa.eu/vocabulary/dhsv-sw/fruit;1.0
flavornet-odors;http://data.odeuropa.eu/vocabulary/flavornet/odors/floral_magnolia;http://data.odeuropa.eu/vocabulary/dhsv-sw/magnolia;1.0
flavornet-odors;http://data.odeuropa.eu/vocabulary/flavornet/odors/herbs_warm;http://data.odeuropa.eu/vocabulary/dhsv-sw/warm;1.0
dhsv-sw;http://data.odeuropa.eu/vocabulary/dhsv-sw/fruit;http://data.odeuropa.eu/vocabulary/flavornet/odors/aromatic_fruit;1.0
dhsv-sw;http://data.odeuropa.eu/vocabulary/dhsv-sw/alcohol;http://data.odeuropa.eu/vocabulary/flavornet/odors/fermented_alcohol;1.0
dhsv-sw;http://data.odeuropa.eu/vocabulary/dhsv-sw/bitter;http://data.odeuropa.eu/vocabulary/flavornet/odors/fermented_bitter;1.0
dhsv-sw;http://data.odeuropa.eu/vocabulary/dhsv-sw/floraal;http://data.odeuropa.eu/vocabulary/flavornet/odors/floral;0.8540460050697336
dhsv-sw;http://data.odeuropa.eu/vocabulary/dhsv-sw/magnolia;http://data.odeuropa.eu/vocabulary/flavornet/odors/floral_magnolia;1.0
dhsv-sw;http://data.odeuropa.eu/vocabulary/dhsv-sw/warm;http://data.odeuropa.eu/vocabulary/flavornet/odors/floral_warm;1.0
historic-book;http://data.odeuropa.eu/vocabulary/historic-book/medicinal;http://data.odeuropa.eu/vocabulary/dravnieks/descriptors/102;1.0
historic-book;http://data.odeuropa.eu/vocabulary/historic-book/chemical;http://data.odeuropa.eu/vocabulary/dravnieks/descriptors/103;1.0
historic-book;http://data.odeuropa.eu/vocabulary/historic-book/fishy_rancid;http://data.odeuropa.eu/vocabulary/dravnieks/descriptors/127;0.798013929932495
historic-book;http://data.odeuropa.eu/vocabulary/historic-book/fragrant;http://data.odeuropa.eu/vocabulary/dravnieks/descriptors/21;1.0
historic-book;http://data.odeuropa.eu/vocabulary/historic-book/almonds;http://data.odeuropa.eu/vocabulary/dravnieks/descriptors/25;0.8522085562555914
historic-book;http://data.odeuropa.eu/vocabulary/historic-book/sweet_spicy;http://data.odeuropa.eu/vocabulary/dravnieks/descriptors/28;0.8069632732802087
historic-book;http://data.odeuropa.eu/vocabulary/historic-book/old_seasoning;http://data.odeuropa.eu/vocabulary/dravnieks/descriptors/33;0.7304149409579046
historic-book;http://data.odeuropa.eu/vocabulary/historic-book/mothballs;http://data.odeuropa.eu/vocabulary/dravnieks/descriptors/41;1.0
historic-book;http://data.odeuropa.eu/vocabulary/historic-book/chocolate;http://data.odeuropa.eu/vocabulary/dravnieks/descriptors/45;1.0
historic-book;http://data.odeuropa.eu/vocabulary/historic-book/vanilla;http://data.odeuropa.eu/vocabulary/dravnieks/descriptors/46;1.0
historic-book;http://data.odeuropa.eu/vocabulary/historic-book/sweet;http://data.odeuropa.eu/vocabulary/dravnieks/descriptors/47;1.0
historic-book;http://data.odeuropa.eu/vocabulary/historic-book/caramel;http://data.odeuropa.eu/vocabulary/dravnieks/descriptors/49;1.0
historic-book;http://data.odeuropa.eu/vocabulary/historic-book/gasoline_like;http://data.odeuropa.eu/vocabulary/dravnieks/descriptors/58;0.9258059164209824
historic-book;http://data.odeuropa.eu/vocabulary/historic-book/musty;http://data.odeuropa.eu/vocabulary/dravnieks/descriptors/82;1.0
historic-book;http://data.odeuropa.eu/vocabulary/historic-book/incense;http://data.odeuropa.eu/vocabulary/dravnieks/descriptors/93;1.0
drom;http://data.odeuropa.eu/vocabulary/drom/citrus;http://data.odeuropa.eu/vocabulary/edwards/citrus;0.9999999999999998
drom;http://data.odeuropa.eu/vocabulary/drom/floral;http://data.odeuropa.eu/vocabulary/edwards/floral;0.9999999999999998
drom;http://data.odeuropa.eu/vocabulary/drom/oriental;http://data.odeuropa.eu/vocabulary/edwards/floral_oriental;0.7837867688020037
drom;http://data.odeuropa.eu/vocabulary/drom/fruity;http://data.odeuropa.eu/vocabulary/edwards/fruity;0.9999999999999998
drom;http://data.odeuropa.eu/vocabulary/drom/green;http://data.odeuropa.eu/vocabulary/edwards/green;0.9999999999999998
drom;http://data.odeuropa.eu/vocabulary/drom/woody;http://data.odeuropa.eu/vocabulary/edwards/woody;0.9999999999999998
